video_id,in_deg,out_deg
0hX_msLfx6M,9,3
UeF_6UisoA0,2,2
s331U0gBKQI,2,3
wl6QyJBHLLw,4,3
665RRraY8R8,1,1
dpc6HJXfaA4,2,3
9XDCT0hPUbE,2,3
-d_HA2AYvus,4,3
53m5UAzhphM,3,3
Z-UIw8KHsZc,1,1
CPC2iDc07S0,1,3
W2ZwJgPeYbA,1,3
SbFOriN8he0,4,1
YXomGTUyG6Y,2,3
yXAtxbHEVZQ,3,1
lFu53kb89-0,3,3
COCjvUYGHNs,3,3
uMTI8OYwqYU,2,3
kPlyqcarqpw,1,3
KtmZnxszvLo,1,3
hUg8hmLoMYQ,1,2
AIMbAaueYew,1,1
matC1lSVnno,1,1
ptGkUATC1i4,2,2
i4iFY1g0b5s,1,1
_i_7TRbgSXE,1,2
1I1u2Jw_W44,2,1
o-Q9e90rtfc,1,1
AbGMC2BINSo,2,1
VcLlJRzN6Cg,1,1
_mfJxCBNONs,1,1
h9FWIM5LnlY,2,1
UZo8dbjOg70,1,1
1z27bwyZ_-o,1,1
YTfJGLDsEbk,1,1
gJeU2cBTKKg,1,2
RA3U09fNBNI,1,1
DLGmgmh4BBU,1,1
KYLKZ04Ehpk,1,2
1Yp91zKBGgY,3,1
dQfFKwffQ8k,1,1
yYzWuwx7vXM,1,1
t1dFbQiIyAs,3,3
hc4xI6IGUeA,1,1
RhwLe-f5rYY,2,1
ieHCmmiYKIQ,2,1
_lcPhyMb5cc,11,1
oIIbKH2xB5A,2,1
5xInN-fZNnE,1,3
9BSl97FIMUE,1,1
FG9DxtjeNwg,1,1
arRryQmN8rw,1,2
46ZAjrcEG0I,2,3
_AkAZIk73F0,1,3
HsTQZptlnYM,4,3
U2ZCagfGAf4,14,3
aFHfzcR9CO0,5,3
zlFSoN4_qZY,8,3
E2zrqzvtWio,1,3
vBLSBR0KiMM,2,3
XwvjkJXaIJE,1,3
6MJUZZgvAUY,1,3
XxZtNG4xuaY,9,3
DxN12jzHrqI,46,3
v4jYoCxpWkE,29,1
mQfxl1NiMP8,1,3
I5DJ-05ZUKo,32,1
pNCQeQuV6O0,4,2
d1vAGzeCE1k,4,1
SMwXKl0odq8,3,1
kwxtkBcayK8,5,1
lEQBHeZqDIo,1,3
7pk9oDrpf6k,11,3
cUxw9Re-Z-E,13,2
ZDuwWxwe1HQ,24,3
ynhSaDZAw2w,2,3
pQAdwjYc_VE,7,3
XT1Y5jXBh1k,1,3
HTlSLcwoWak,10,3
DTKhR2ofOTY,3,3
ENDTX7_WmTg,2,1
_OvE4iKsa2Q,2,1
iojQ153cai8,4,1
dFV0-ODvkmg,1,1
PUB3pFA_RBA,1,2
j6-q7SUFP6o,10,1
xducBSS0zwE,8,1
wfA4bZbK0mc,10,1
Uztf1el3JUo,4,1
p5BLKKREIck,1,2
j_m9DxLJ7V0,1,2
hVCVt-dvVOc,1,1
0tYm41hb48o,2,1
4CltlmkhpAY,17,2
QyeBxcvUJIU,1,1
kRzmpCE96kU,1,1
KQtP8rXW-EM,8,2
EORQJhrfPpY,1,1
-WS3OatB4cQ,6,3
W-l23ec-4mc,1,2
autMHvj3exA,4,1
__LxwaAEaL8,15,1
rcpUi7KBxz0,1,1
7EqIUd8Al20,25,1
BtBqKMoVg40,7,1
16efp7G8hNM,1,1
oGpBTOYuRfE,6,1
BA77LxQmWrw,1,1
tukYc1Or37U,2,1
vdHJjbHwR38,31,2
w7BMaG3zyVo,1,1
vxoeLLq14zI,2,2
dhT72PWhqh4,1,1
ybjKHUTt8wY,4,1
iFu6TTzNjGY,2,1
zJIlftta6fk,4,2
P7QWifeY2_A,4,1
rBUaN1AzjL4,1,1
bLgc1dqhCsQ,13,1
HrqCb5cbqCM,1,1
dvBbxbjFRw4,1,1
pBylbB7s5Nw,1,1
5U-yqm9H_Sg,3,1
PbcY9iya40o,1,1
61rNt03Wgp8,1,1
ofmuCXRMoSA,1,1
goVs04xNp8c,3,1
-WKmM4kkL0g,10,1
-BZHL-g4uDA,1,1
0DnXV6R0nh0,2,1
Bojt-clazxM,2,2
8v-X06Q04w4,1,1
zc1YM9fNATQ,1,1
Rz8ge4aw8Ws,1,1
SX1SLJmeGEY,4,1
knC3aT5rnLg,18,1
KPgJ2MSSF1o,3,1
BR4KyIE3Mrg,7,2
dx_nQwOEimE,3,1
7tqypS2cm0g,2,3
np0-WqcbLcI,1,2
syP-OtdCIho,6,1
U63z6YOGYCY,1,1
jAni7SUH754,1,1
imhUmLtlZpw,2,1
BlJ64FUxWg8,1,1
Xx9T1WaOv8k,1,1
M9MBokHhhPs,2,3
LO5hPu9N5d8,4,1
MppMQYCwiIY,2,2
R6oYaMtJln0,8,2
pa4PRs80rbg,1,1
3RCWHeEGWlQ,1,1
0__XpC6c-bQ,1,1
2sFbLEqqySM,5,1
shec3ULt8YA,1,1
WOexiVyLSdw,4,1
JvI-hga8J2Y,1,1
uDkt8CetVr8,1,1
Jj5iZu1NuwY,1,1
mz2IDFFiE_A,1,1
fwjg1F_zdCk,1,2
LfKqOUMrCw8,1,2
3TnT3-6u54Q,2,1
hTFGBkPcqWc,1,1
nvMIegWM1JY,3,1
BdH2Y77QsjE,4,1
DDqgTfEhkgE,1,3
eSrlMYiHptM,1,1
1b6auSQPvGs,2,2
3nYPWmMCGUs,2,1
9WQy4LGUQRg,1,1
meN7Nb--q7w,3,2
OTpFqwsrs54,2,1
JEYh5WACqEk,2,1
98n-DTIwW18,6,2
6V7EL-Yg8Gg,3,1
FO_mJbJn-04,2,1
5TpzWon_QV0,1,1
hzNntWE16xo,1,1
feVFjmt9T9w,1,3
6vVNSc3ah7M,1,1
NIRPE7ddOfw,1,1
t7sRWrvRdrA,5,1
vLINtOTAoWI,1,3
kcymg26PQHY,1,1
Bd8_vO5zrjo,11,2
6tIB_mqR1uw,2,1
vsMydMDi3rI,12,1
UDbG36A5CUo,1,1
sepOtJasckk,1,1
1cXy7gxUtbU,1,1
dSYy7YYo6XY,5,1
sbYX4Lur4Yc,5,1
3oKMjTqdTYo,5,2
NB5hH3ksvKE,2,1
s7uScWHcTzk,4,1
ZJeR--9lSMU,8,1
8COaMKbNrX0,12,2
3FX-0kjehAs,1,1
KcCVDrnItmg,3,1
fL7iBiOClYs,2,1
z9YKti86v58,4,1
IRVdiHu1VCc,7,2
9vpqilhW9uI,3,2
U3l1YhxeT2I,1,1
u2Rq22gchuY,1,1
wX78iKhInsc,1,1
rEg-ZNB3qyI,1,1
QA5fh29rhLs,24,1
blBnGGOFtZA,1,1
rGBoyLKaHB4,1,1
LWULB9Aoopc,1,1
wk3ZN7YXUro,1,3
RrTRgYc_AxA,2,3
iDGIzrvyOU4,6,3
AF5WmhiktJk,1,3
t4n400VXP3E,1,3
YqCKHeWk2TI,1,3
vHWuj0SWs84,1,2
zZetA8aEigo,1,3
kMFxrSJUWf4,6,3
2TmQZgwXi9Y,21,1
9Sfp7YVj1tM,4,2
SJCfdQ4T4oY,14,1
igqJdw1V-bs,4,3
5G6F8cVGoGw,3,2
dBOsuCy_360,1,3
2uaJ1D2tXOA,5,1
WVxDdBq5A50,10,1
nGA51ce1T9I,2,1
jL8uDJJBjMA,4,3
FgbCQMw5LOM,2,3
IDIr2rVaQaI,1,3
areWIpLgbuE,1,3
JsECHXGgvpA,2,3
gROcy_ZgAb0,1,1
iWLsZs_0DKY,1,2
xUIAHWpG-wE,5,1
56USRB_4ZJM,1,1
qP4qfJcob9s,1,1
9jRLG7rl0GY,1,1
01iSh4_Sr6U,2,1
oKI9bhGv0Jc,1,1
DQNP4kcc6Ys,2,1
35j7kXA8DLs,1,2
eslfjT8k-WQ,1,1
Q7_9131Ea8E,1,1
vXa0fWirT-8,2,1
Ep4DxxdD-zw,1,1
20NqRnLWLEo,1,1
43xTvpxWLW4,5,2
KBT7o0piZ8E,2,1
arSEALgiOr4,1,1
242jJtfDbbE,1,1
tl-Dkxv2w4A,1,1
VllyEXWf4kA,1,2
nQOpOvv2FCY,1,1
IrCQh1usdzE,7,1
144TR3ejIts,5,1
bXOWK-Vj7_M,2,1
ALdlphTYdi4,1,2
0uj6bDqAVJA,2,1
bO1r0s2mw1k,1,2
o8UzQr2l9YI,6,1
5pmSYvUmVhw,1,2
WsQ7ysVt-0A,1,1
VhQRCIIlYrk,1,2
Aafeem7lBIY,1,2
CR7tIdMN8MI,2,2
r4vK98dyyzs,1,2
C_bPO_YCw_o,1,1
XBQKvVb7q7M,2,1
hZrVyxkJDio,2,1
wWXFp6fWlqo,1,1
ALgw6jc3dbg,3,1
cavt_O2kFjE,6,1
brVc9pEVqP0,2,1
UBt3_UqWJdA,5,2
Euma9watYSw,2,2
kaQUYc2e5p8,1,1
rITblDjc3zg,3,1
r-ArRDiQgwA,2,2
0Wb8YRjjQSE,1,2
G3rF7weYttU,1,1
jxOSlxZQ-m0,2,1
NFvU5AGs02U,1,1
jl0WXd_kgPs,1,1
TwadpGdskCM,2,1
F0ZzwGSF6Zg,2,3
OuQZ19Om1JA,2,1
zkpiKqnT6YY,1,2
oNiEBnOzgVw,2,2
MJAdE3SszzY,2,2
0Clk19Lez10,2,1
YlO3AcQsYU8,1,1
N3Q8BAp7k4g,4,1
PW9buRgb2Hg,1,1
K42Gg9jQ8rE,1,1
Nhv4N6F47NE,2,2
x70_IskwKI4,1,1
Zy84rqWCblI,1,1
TLPFzVO7ATw,1,2
NYXZQ9BRiGw,2,1
U_8aUFxWHuk,1,1
mevVt5sHDNA,3,1
mEmRoAIcSb8,2,1
ngzQSaUggjY,3,2
ad-Kp4Lu6UI,15,2
Te7hLadBjmw,2,1
Sua45-VpRx8,1,2
lhULvm3TNl8,5,1
tEqzbE753IY,1,1
gT5SIvXx0TI,1,2
bscsWBEIzGM,2,1
JnNpQl8WR-s,1,1
D0MJul9CiU0,2,1
pvqP97INYfQ,1,1
yq3uVJQN8Gw,1,1
um40nauAuvg,1,2
S7xFtzT88dw,1,1
LVoZUBNPmO8,1,1
MK4Xo6mV9NE,2,1
IGbfJv1ia7c,1,2
v4qZB2ytq10,1,1
QoartHH3pJs,1,2
Gd0VfEG92LQ,3,1
Mkn0Pv_a-s8,1,1
80Ez3KO9fP4,1,2
wAPfNBqGTpM,1,1
pgiu1BGH0js,6,2
zNQsffKRFxQ,1,1
uFYVgCCFi-o,2,2
BxeZbuTCcMY,4,2
MjogCXKBx7Y,1,1
hlBSOJlu6SU,1,2
8n2Jj4UELLs,2,1
2TLf9s_lqHs,1,1
U9onI0MzmuI,4,1
vaZWztNtreo,1,1
UPhwu_0e0nU,1,1
V1yW5IsnSjo,2,1
J6JH4OGqIU0,1,1
SbUTHDxhmME,3,2
1sEuRHyJSDk,2,1
6OESUQ6XwJQ,1,1
GLKJzXrmo1s,1,1
qWIph_xlTbY,2,1
nNm3FrnAu60,1,1
hQx76WemmQg,7,1
58WdAa0wK4g,1,1
_-Wdwjlu9mY,1,3
n5rSIF2ZhiU,3,1
3xeM4l7_hs0,1,1
uQl-r3pqnnQ,1,2
6MYHBrJIIFU,1,1
zfSNUKJ9heU,1,2
APWLKxgVbz4,1,2
z9w-wzXJBww,1,1
IdHjiBE_cDk,1,1
wD8AwgO0AQI,2,2
B9W4lA2prG4,1,1
V-q4IVBrL0M,1,1
v7EBZ4PfjoI,1,1
3QU39UJ9Nf0,1,1
Tb49GofWCmU,2,1
dAdgZIDnu_s,4,1
kerLXag6w80,2,1
iHFcDFi2x3I,1,1
6ffRjzNsEJo,1,1
LHCOrCajxsk,1,1
MB9TvB7ermE,3,1
bYH992ynhdU,3,1
3eQFGT8FWBw,1,1
s6MwGeOm8iI,6,1
aw6RsUhw1Q8,9,1
yloELSWktYo,1,1
_p54toAS960,1,1
Z5RyMM5UoKI,1,1
-9JQndAAvLE,3,1
W2mB7u3f1qk,1,1
gR1csBWT5qw,7,3
cWiPROxS2HA,2,1
2dOAm_SlGh8,1,2
SBIckQnR7QA,2,1
n7FbkI9916k,1,1
XZYBLPykNaU,1,1
P_IBGS1FQw4,5,3
GigpxLNbgeg,1,1
YLuJrhUYOCE,1,2
2W1B7-xkqUs,3,1
bLObkZTi5TM,3,1
uKBDxOtCEuc,2,2
LnHxsjc2h8Y,1,1
ndxX_Lm7svM,2,1
q3HHGEblnWg,1,2
gITwepygAF0,1,1
Db6kthTi-0o,1,3
87qLWFZManA,5,1
LwQe4L9svUU,4,2
_mB13NV7rY0,1,1
jRp71BwRW8c,5,1
UOVyqR06roY,1,1
eEirzGD525I,1,2
PGnKcPbe7jY,1,1
pomG8c-DrfA,1,1
uLdO2UeKwyE,1,2
vN3bjlDVggI,1,1
XQro9BAcR7Y,1,2
1q62a7jQcwM,1,1
JZlzE1eA4xA,1,1
ZLsT4xSS1mY,1,1
Yta24sJqhXQ,1,3
3h-1h168Blo,1,1
wJB90G-tsgo,8,1
R7bkBD_EXOI,1,1
OC_6WqXA1ps,3,1
eh5VcbLHMeI,1,1
Vx8ukR1iSl8,3,1
wEaAUZfe8bY,2,1
btF6nKHo2i0,2,1
1HI_woehm0Q,1,1
FEXL5USuDGI,7,2
FzTKUgpbMpY,2,1
9hdMO1cNNuw,1,1
6EFsbdgO0lQ,1,3
E13lAisF4PA,1,2
2YdIZOeTpJ4,1,3
j3pdNPYRvwk,2,1
TH_oZ2cyDK0,1,2
vuIlsN32WaE,10,1
yoAz6o4bUIA,1,1
YxU2zxNVyzg,1,1
-ILmplldm_A,1,1
5cbM4MmgDfU,1,1
Y7ItyA3PPxs,1,1
tic7X3ET4gE,1,1
FO0iG_P0P6M,1,1
XpKboaGPVo4,1,1
fHYg92bwCas,1,1
Rgo8A_bQI70,1,1
KUF3-SNcdgg,1,3
ktQzM2IA-qU,6,3
aZ9ETf-lB74,1,2
zZYonocPpMg,1,1
_kH4mWBvSiI,1,1
GWB6XjREpiQ,1,1
R_2sQ53GRI4,1,1
d5wfMNNr3ak,2,1
-_QTZU0e1_s,1,1
v_ONFix_e4k,2,2
5yzVAxIKKbI,1,1
FHkZUg1NZ38,1,1
RSEgEb2WUx8,1,1
AAkEYcmCCCk,1,1
o0td5aw1KXA,2,1
_w1MtX4dPCk,1,1
1CN7PF10RKo,1,1
Btfhp-e1E1M,1,1
tmWoWOM16uE,1,1
uxPdPpi5W4o,2,3
duQow41bTx0,1,3
4jwUXV4QaTw,4,3
Ue5ght7izjc,2,3
ik1SkGcGLM4,4,3
AeJ9q45PfD0,1,3
9eYdGGfObKk,8,3
FWu2rkffYvg,1,3
llctqNJr2IU,4,3
L3cQFsX6gl4,2,3
eUIhtw9cisU,2,3
aGaVNhPgbDw,1,3
VHJkuD542hI,2,3
97t7Xj_iBv0,1,3
1uEmX5XClPY,4,3
D9LvOk7HmzQ,2,3
X1XoCQm5JSQ,4,3
9jyKLPlOsuo,1,3
Z_5fNe-xnYk,2,3
_eQ2Dry2R_8,1,3
Yiafb0-gqF4,1,3
3msLkDGkjno,1,3
OysqVOs4vqI,1,1
fyaKMHvpvgg,2,3
xYemnKEKx0c,2,3
guZa7mQV1l0,1,3
glMU6ZL4UYs,1,3
PO0IePSZW_s,1,3
RtFbsFgHzng,1,3
1NtdmNVNosA,2,1
oTmD5VSgaYk,1,2
907p_2UhZCU,1,1
sk2TMF0OF8A,1,1
ETsguTDe17Y,2,1
udBaGyzJyU8,1,3
te3RlQmnw4g,1,2
dlg7Rd8sHL0,1,1
9KABcmczPdg,1,1
fRqwYsfiME8,1,2
c6wuh0NRG1s,1,1
R_g4nT4a28U,1,1
z0zPM_m_YOA,1,2
DvtbQs7hWXw,1,1
bH7pS4hhrz0,1,2
vPTgJkW6CL8,1,1
2N0e4eSodHU,1,1
YlrX0yR4HjA,1,1
Nf6sX4DyDFU,1,1
jJg31y1BEHE,1,1
r2qXfajjIqQ,1,2
hxUAntt1z2c,4,1
Efs3PyR8iBw,2,1
8e4CEm9yybo,3,1
1DqdDfiHFQE,1,1
I9_iZ2nH3lw,3,1
DtwD-c9hn58,1,1
3GghzMz0x9Y,2,1
o_zPlI9C4gY,1,1
hm_WF-IP66M,1,1
Zy52sdjv0ww,1,1
SqHL1puhq64,1,1
95jvtXknEtA,1,1
7ToBt0KWJw8,2,1
9_c0OAa76kA,1,2
3g24EaA0A7o,1,1
HCZHGA3zD1k,2,1
MoBrgE8sFWU,1,1
O_iKeiPhisw,1,1
OHLSv-tdR7w,2,2
mBNoUhHtmVc,1,1
5UGC2nLnaes,1,1
hLVj6R0jQQM,1,2
DwCOOnIk14g,1,1
wvE1GCXcOTs,1,3
mYY6ozn3CcU,1,1
JASUsVY5YJ8,1,2
6OkHQ0CTj7g,1,1
LoRIztYmWjY,1,1
fmzxSQdOQ0E,2,1
phrlVrsIDRI,1,1
JXmI2ieJ0Yc,1,1
z2MW2T28mQw,1,1
DpVVEtRmGuw,1,1
jmBqNABTuPE,1,2
mxDSulcLpAE,4,1
sCuKuUgNfjA,1,2
-3g9YboZZAU,1,1
clxn9rNYzNo,1,1
tyYjFDAwor4,3,2
NJ8V09YqFMM,1,1
JsXvJuZHiQk,1,1
xxM4t8vP-0A,1,1
BfSl3WwqYls,1,1
3RjXSfr8Nmc,1,1
xi3cmDss_c8,1,2
pkefDjdNgUU,2,1
fHon3MZVmHQ,1,1
GscQhQGn8bs,1,1
StOJ-Yj8DbA,2,1
lJsX6_7wPtg,1,1
JyQRXuVi6CA,3,3
SiijS_9hPkM,5,1
YO-hnbbK_lc,1,1
jXceS6pfupc,1,1
qGIPoodveZM,20,2
seJSm-vD9OA,1,2
UhmfBycwfqA,1,1
AlBvtPX1sEY,1,1
ohaFCAhuLVA,1,1
OMXXqdu_FB8,1,1
8MpYfrF-K_U,1,1
2WqU2tcfwIY,1,1
-d3DKy-ahdg,1,1
hwPwbEYCbc4,3,1
srGFqE9UQ3A,1,1
4UwCC8NIly4,1,1
d8jfv4K1AIo,1,1
hIqOgqpNLXw,1,1
dBRvZX8WKRc,1,2
WJhoqIJ7VZM,1,1
0lEp3-sRIIE,1,1
eBtxjyD01lo,1,1
T42JvxghkRI,1,1
8j6cueDgjIU,1,1
ghCOVjAILxo,2,2
c0biVj50ZZc,1,2
gJo9PfsplsY,1,2
x6yr8W3mc38,1,2
uzvsK1AHn1I,2,1
YbJIeOxWct0,1,2
9ztCQg9MH3I,1,1
kasiov0ytEc,1,1
cRKZ7dIGEo4,1,1
C4Uc-cztsJo,6,1
uwP7UT4ewJA,1,1
w_PWL0oZzOc,5,2
EM4odIQZVgw,1,1
U5eGDgfmLJE,1,1
5ZmHRElAArc,2,1
8Ug1MnU6LKw,1,1
aZIo5BeCB2M,1,1
IMxciOsAoPY,1,2
zDAYZU4A3w0,1,1
CnhF90IDLOQ,1,2
CYTh7Zu6xFE,2,3
LdcDLErhuH0,1,2
GEogsEfFXrg,1,1
RjsThobgq7Q,4,1
P2BVyHOdFUo,1,1
_n--IWNKSDM,1,2
nAycPLFryMI,1,1
AuwayMjvuT0,1,1
OefYOR78CeY,2,1
ZunvBXCdREI,1,1
MZmQn1WAI0M,1,1
LOqizpxFCM8,1,1
C1mmTwjHhHs,1,1
-nNiULl5_2k,1,1
UGPxfizP1aI,1,1
HyHDYsV7vow,2,1
xvLPJBUXhM4,10,1
vz-rdaE2uUw,2,1
TAavyXfXOko,2,1
shJdb7oyxlU,1,1
SRvZozXBXsk,1,2
eRi4Dji-cbI,1,2
baCyqF5snFs,1,1
Z7iSbrkeAhE,1,1
miuhxhodpiQ,1,1
13B5K_lAabw,1,1
JszHrMZ7dx4,1,1
nFT2XNZobUw,1,1
cABM-7YhAWA,1,1
vgFcGA7URZI,1,1
NxQ-lqflapg,1,2
JqmIo-tUd48,1,1
xp-8HysWkxw,1,1
lB9cuOuZL1Y,1,2
TSt8A4Iarts,1,2
TUL8WBuqLeE,1,1
JVsderNpXs4,1,1
sosjgnWrnxc,1,2
Wl4Kf85E0gs,1,1
lKqGZYF1bd4,1,1
IoE7mUCln_o,1,1
sSKXcbnIjmk,1,1
vKRG6amACEE,1,1
hCOXjsCc8uo,1,1
pZKZDHIRSHg,1,1
ze3HXLRXO10,1,2
MjOpZrYLE1U,1,1
VzWTyufdkug,1,1
9Rt4JFb7MAk,1,1
edOuQIalVBU,1,1
esPRsT-lmw8,3,1
rigImVsnjkw,1,1
oJFE3EWhOuE,1,1
GvYmnK4_ehs,1,2
L9bx_fqTwRA,1,1
Qm99rzkv8Jg,1,2
Et-JvYrQ84o,1,1
Ck_r2GYLdCI,1,1
2Eo2QRu68As,2,1
78tE4hCg6gM,1,1
bGcvv3683Os,1,1
FpZxf07wGHM,1,1
IXx7ozc9ZwM,1,1
vxHwIese67Y,2,1
6sNUVXhqsvU,1,1
HEhiyBTWuLg,1,1
6-qam34mLpU,1,2
5EdJ7X1LkEM,1,1
8nNRxAwhJuU,1,1
I1m7ATXJXgI,2,1
b_TkFhj9mgk,1,1
zbziahTLPAY,1,1
v1k8U5OzNWA,1,1
uv3ryYKBKWY,1,1
ED8IAoaDV7U,1,1
dToV7DMpCTw,1,1
PqEmYU8Y_rI,1,1
pLZ6NFliJ_o,1,3
lH2BPD2TeEI,1,1
tOVicpNaNYg,1,1
3vg3wQ6jOGs,2,1
dyXk40l37yQ,1,2
LcYW2zHLHGk,1,1
XnziYh2rCqM,1,2
L5HDNbMKaLU,1,2
yGCLAr2Cv4A,1,1
kMGRMtQN_jY,1,1
OMiXZqEnSd0,1,1
kAmmRw6XB98,1,1
QKs-kTaKv2o,1,1
FT_nZ96D89c,1,1
y47SBkxHQTs,2,1
t9ael3sJe5k,1,3
JDHllZ7qXYw,1,3
MxnqywD9kuQ,2,1
R3coL1pJY0s,1,1
xHPQ9aewgxo,2,1
Os2EchncCyU,2,2
jri40TxMNXE,1,1
J94uO-urSTg,2,1
_T79_50kvt4,1,1
gsWJiFMmOYM,3,1
rxJmSK0nJw0,1,1
QFDGGht3CQU,2,2
sauEsj8YW9M,2,1
vc_-ReUdu9c,1,1
-GFt-X9J04U,1,3
nlEVXFsBGwE,1,1
RdH2kulryN0,1,1
qd_kEyuReD4,1,3
m5wv4HcRNKw,1,1
5rYPRMm8Arw,2,1
VAIs8VLFbls,7,1
MLSu0Myxvr0,4,1
r8XvlgwLezY,1,1
Iq4qASI1Fok,2,1
YKt318dJiss,1,1
az6NibAUf7Y,3,1
F1q5uIzjj_M,1,1
OEGw0ZXy2Hk,4,1
mf1ymnItl6k,1,1
j1p2PbfNk0c,2,1
THkiIaeTLPE,1,1
dN5qHjnd_xk,2,1
GrL7OA0Kb4A,1,1
pOiH0qIQob4,18,3
g1qzdmgWQf8,1,1
5LdChUbCUcQ,1,1
bM1CDKlB-G8,1,1
rVf_9dihz3k,6,3
JGguSThftRQ,1,3
FesdymH4II0,2,3
pLAi_cmly6Q,6,3
yiER4rUrGN8,2,3
AJgdxokVbTg,8,3
ZYVmWRYWD9I,1,3
-h_h0Tp6vZk,1,3
-avpx8UTakI,4,3
28d5-w6gyfo,2,3
f_vpvTHArUE,1,3
-htnUTN4mH0,3,1
uduUXJ5pAEM,1,3
Ad-YqwhUsTE,4,1
m8UQ4O7UiDs,1,2
cBas_4BUczw,2,3
RvippVufK5M,1,3
awQDLoOnkdI,4,1
LJRTzsW3GT4,3,3
jI7or26HHLw,3,2
N_YPyWCMFOg,2,2
UVGy1XD_dzQ,3,1
N-iCaO-hxAk,1,1
kGPWu8RNhSY,5,1
4AnFmfH4aNY,1,1
qqZ_SH9N3Xo,2,1
_r9_re7H2Qc,1,1
82xuyhYNkLA,1,1
0FVugGRILOU,2,1
j7Ix1GBcrIQ,1,1
SCaKuAdKumA,1,2
BKOPFm_7zCg,1,2
KOPY3nzOJp8,5,2
bgobWEK_Ny4,1,2
o26Eks801oc,1,1
tVrmwFtoFjM,1,1
oKY600o3CXw,1,2
kn-6yvCjVDQ,5,2
SYgO06HmNLU,1,1
vKAPPTw9uS8,3,1
zfNP_z8unGU,2,1
XDIUCzew-I0,1,2
ld1EFF5fzvQ,1,2
czogWQ34X1Y,1,1
EFxNtTks9VU,2,2
cqAe41QTUec,1,1
ZmOKKY9shiQ,2,1
0lTczPEG8iI,1,3
4U2eDJnwz_s,5,1
XTVJ-mcTs8s,1,3
qDqN_NgKOEE,3,1
wqTXF6JxYhQ,1,1
UUQd7CTIlNo,1,1
5F5IUqkKHz4,1,1
ibKZq9cB2hU,3,1
n7ovFvA1Wgk,1,2
KYFEoWwDvxY,2,2
nLrUHrpjd2o,1,2
EUHDAfD0Z-Q,2,2
OMwI5unlK9M,2,2
JS8W9HZHDeA,1,1
1tooD0xRg-0,1,1
p4ozAACcc8I,2,2
bMQJPsZsL00,1,2
852pJH-V_m4,1,3
re7ztUy6SVw,1,1
y8bJxGtAQqM,4,1
oSQZ9NiLoxg,2,1
6mI8aH4QLQY,1,1
t6hiV1stRzo,1,1
zmeF2rzsZSU,2,1
hnoMsftQPY8,4,1
JDcro7dPqpA,1,1
OTWkeN2Gyz8,1,1
2ynWiG9-g-o,1,1
RRHYXE5KJRk,1,1
Pu7XBuPgedQ,2,1
-61RG30e_0U,1,1
TkxMm68jwao,3,1
AQsz64OXdpY,1,1
rBP4aEbR2pk,1,1
i0R6TLNRpiY,1,1
LtrwUOAgRtQ,1,1
n6IlaF8J7d0,1,1
Tr-hXgzqRH4,4,1
568JvrfMRLw,1,1
RzOkf-mrDbM,1,1
QO3-AAVTeDA,1,1
pKGzw8GROf0,1,1
p8KuSp9BmXY,1,1
wPPRhMudUHU,1,1
YdiWTYkY1uY,1,1
IZs2i3Bpxx4,1,1
1jDPzW9COsU,2,1
sfq2BYB8K54,1,2
Pc5KfDv94Iw,2,1
x2DMVu6CLZ4,1,2
EOQA80wtI18,1,2
-nDabYlNuSA,4,1
Nqf15ViHSmQ,3,1
IS5mwymTIJU,1,3
XOOe7-3jptw,1,1
y7IqDxGkc0E,1,2
h-fcI7W-ucY,1,1
-qSuZkKDUWY,1,1
bD4-ATkvDXY,1,1
hcSC-HittRM,1,3
epYiIMl4W4U,1,1
YFopblY5rGM,1,1
lHaYsBeB62U,1,1
avh1OLmPODA,1,1
bi2hqL5KkHc,1,1
Ufyov9RO8I0,1,1
8guIl4hUNbs,2,1
YQrMGlIE79M,1,2
7YGITlxfT6s,4,1
BukHlw2oXZQ,1,2
p97xg-keEKg,2,2
0OwJU91cchk,1,1
if_sEUffzjE,4,2
6e0jqaQ2zt4,1,1
vlqu5Lc_2c4,1,1
gJtYRxH5G2k,5,1
0UjpmT5noto,1,1
9N7Hglpze1A,1,1
nMr6sTAduXM,1,1
NbiUSpaqffs,1,1
eEswP_HSFV4,1,1
MzSHkAoemlk,1,1
WUsJcPc8g0A,1,1
QJnfGBP0qRA,6,1
FYe6LV_4nLA,1,2
v-oItsU_l4c,1,1
VIgSgLFwEMs,1,1
rs2RlZQVXBU,10,3
fnTW4Ufosws,1,1
Y3sr0RtIfgI,1,2
37G0D6s0J8s,2,1
9dhHG_Ib5Bc,1,1
_tyszHg96KI,3,2
hUXEmnTOyyE,1,1
z1Ad10VlO5Q,1,1
53GiUoEeIvA,1,1
yq0yV8HKcsg,2,1
fKtntQ1xCDU,1,1
E5UdzP2egIs,1,1
ErRsMTmdQb4,9,1
1siwMVrS0qE,2,1
ZqHPqTDHxJs,3,2
y3jlR6k_wo0,1,1
Stl6OZo7wzg,2,1
PDylgzybWAw,1,1
ySTQk6updjQ,1,1
i7eWudERDgs,3,2
pT6Dqc5OVJU,1,1
3bxcc3SM_KA,5,3
5d3nASKtGas,1,1
FUhQMS00Dyc,15,2
BD5PN8CRCPQ,1,2
6Oo40fOgavc,2,1
0hYPJfrCy6o,1,1
5kCGKMknYjc,1,2
95B30ojbTLw,2,1
v76B8GUYflk,1,1
2hFkWqToYpc,3,2
inlV5X8AyHA,1,3
GOGru_4z1Vc,1,1
S1aHEURRh4M,2,2
PuNIwYsz7PI,2,3
YQZ2UeOTO3I,5,3
WdeiEvRQBWM,5,1
VbeQSPzJkVM,3,1
ep-YdZUoKjI,1,1
x9ueaxf75SU,2,2
-Kr5VJ9V2U4,1,2
AWBI0e9aw9E,1,1
nzAiFIzHB6I,1,2
UoIGbYv89bA,1,2
P1r8pCVcmG4,1,1
eS_ym2wswUc,1,1
kIqQZHJHPwY,1,1
0Rnq1NpHdmw,1,1
L0jQz6jqQS0,3,2
GUizvEjR-0U,3,1
WhMGcp9xIhY,2,1
PYpWSZBw3-M,1,1
0wi6b3wWwnw,1,2
_oG6mQ5rjFI,1,1
PsbQYwbPaGM,1,1
twMrpJa95jU,1,1
0yqC4BYZWnM,3,1
LvDCS045xdI,1,1
8pIp5dYYR60,2,2
42l2yl4Ak_0,1,2
ekQk08Hd_eM,1,1
u7qjo-9n0-E,1,1
n4drj5J9mVk,5,1
YSaQbWaEKTI,1,1
f4C077265dU,3,2
yweRegfuw4g,1,1
zdVuEpD9_IY,1,1
5yxCwuKSnMI,1,1
-ifJcQ6uq0Q,1,1
VMxjFTtTquc,1,3
ldl9whGFtHo,1,3
uQRnSIa-qQM,1,2
zXeA8Kw4cEs,4,1
4JzUCcuYOuA,2,3
HzxGg9u8DTc,1,3
t7a0eQleWiw,2,2
FzUUIY9g0wQ,1,1
pKSVYwl6-Mk,1,1
5HRU5yonyK8,2,1
KK5KTQGuXSQ,3,1
Eznkhm71Vg4,4,1
WWJSaZ_2xuw,1,1
ntlXfphBDNA,1,1
dbGeHO0QrWI,1,1
h19JSATqZWQ,4,3
Z_-GymgIQaQ,3,1
wNgRSOerj3U,3,1
sS2sibbxETk,1,1
xv9Y2Isnqi4,2,1
RHRbxkSEGYk,1,1
d4FbHzeCJjM,1,2
WaoKap4vEK4,1,1
jkFYD7R_Xig,2,1
ccK2GifNn4A,2,2
u7BKjp3EfXQ,2,3
9IXvo1w5G0o,1,1
XmG64XDYN9o,3,3
3ou33S08pNc,1,1
zEMrX2vzkj8,1,1
TQM-poQHbeI,1,1
S-dJH7rYBbE,1,1
KtqhYB42w1Y,2,1
vXqbTZZYNak,2,1
14CxOJjD5xA,3,1
EXqMX5SXMnQ,1,2
CHw3nRjj5xc,1,3
oOvl5C6TP9A,5,1
iDAX9lYP8hI,1,1
M3Fx7as_qRE,1,2
CQ6CvAv_lys,6,1
zfDW5TpZLfY,1,1
59W6LOpdeMM,1,1
iaBCBnDF5Rg,2,1
6PZ2Vfcx76g,1,1
poTMMcxy0Yg,1,1
5_1Ez0sNZbE,1,2
MWPFqqtaLTc,1,2
M0bnzpXNWuc,4,1
Uinir94KuFA,3,1
i-AZRtI366w,1,1
rgfSDVFzDSg,5,2
l-085TjhUPo,1,1
ykoVoMYjF_Y,1,1
JHbE-DL5ZHc,1,1
iJpL25ygt8c,1,1
Z44hQPWt6QY,6,1
bh08la7J0_s,2,2
kvvjlKZnw_Y,1,1
JKkZwLAoo9U,4,1
58AtQ5TpCiQ,1,2
sFdhoEw8eWw,1,1
29kOZASHROA,1,1
2OZiV7vrR5k,1,1
z4uRIdvuEPU,1,1
ptlsXtTf6n0,1,2
btEl0tT-gIw,1,1
079DJie2mKM,1,1
e_8cmUx99Hk,1,2
maCRgwBEKVc,1,1
PLdPKRnATDQ,1,1
sOJvPGTWxAU,1,2
_Gqp9W_-mFE,1,2
oEr3wzsn_Gk,1,1
BnwtysymYbA,2,1
vmDTj2py-1k,1,1
9LPasUjYkcw,3,1
TPM0_Y9kyiY,7,2
UvoqR5JuYCA,2,1
gJs3tasDpyI,2,1
ITJ502jbh0Y,1,1
0cS1SMptlnQ,9,1
DN1wEaQ7xTg,1,2
MzFiyKyWfWU,1,1
bnmo7aqkXBQ,2,1
6-lsJP5hPrM,2,2
smA6kJiSPRM,1,1
BZrPj68MKFo,1,1
BpoLkOB_c1w,1,1
QeHGDr81XwM,6,2
MhJ34tMpyro,1,1
lYuK06wQxU4,2,2
rG_A7aSqYpQ,1,1
n5rNm5oWwsM,1,1
4ILqX_qoY_8,1,1
7kHx6zTedGU,1,1
3DiXSAPFbHE,2,3
NxLmnjzqgIw,2,3
KjlT4BME2aE,3,3
RdROONa4v7I,2,3
jgYJ5V2HYy4,2,3
5rPIiopJeAk,5,1
EHIKEHCXfjU,1,3
ceyoIIDb7WE,1,2
oM-FrI5Hqto,1,1
MCI4bUk4vuM,1,1
0xK1DJ691sE,1,2
VOC0rvsCYwU,1,1
708SLGjViC0,1,1
LRK-aMnJdqg,2,1
QRen8nI8_aM,4,1
_j9nFced_eo,1,1
S0oJGWHeGZM,1,1
PkmB6v-x5AA,1,1
kjSJteUu20c,1,1
NN1d6_h9skc,7,3
8Ul5uIpJWbQ,1,1
7DRkPvsknrs,1,2
ImBTtTdYgRY,1,1
bLY45o6rHm0,2,2
k2rhaXmOA5M,1,2
TkWWJiOmlcE,1,2
Gjt-3hpS86M,1,3
rrBxZGWCdgs,2,2
cLqKiuHJFLQ,1,1
JbW0agGFv88,1,1
XcYwAyq3kPU,2,1
fwLP7XjALj8,2,1
sDGBYzqZOQE,1,1
PIVzua11qYc,1,2
BGbo9EXWGcI,1,2
e3n_hYjQ1DE,2,1
bEYuNKVW0Ns,1,1
Q9v5wpgt8Ls,1,1
dtbJMTPi2zQ,1,1
GCzXIUT_wHI,1,1
rtWuA_dU2C4,2,2
kdy6K3ja9xo,1,3
_dfW8OAO1mo,2,1
K-UvUcoOFRg,1,1
QK9AiiPI_cc,1,1
0mTxpFIw-3g,1,1
kw1Z12JMo6A,4,1
umqvYhb3wf4,1,1
i8xwLWb0lLY,1,1
Gwh5iyGbrxI,1,3
SedOTu0hQxY,2,1
2YkZCS02_N8,1,1
j2wrv3S0kG8,1,1
M9GYw59dWtg,2,2
1ATOp9zs-ws,3,1
Apzy_kIEUCY,1,1
MZKLPiLQk_c,3,1
mWuA46vvcZA,2,1
fA5sGtj7QKQ,2,1
N2PLNngNtQc,1,1
JDn5vz-fR00,2,1
bjui2jShNaw,1,1
2d2vZV87YJM,1,1
vX6FuBnbF5E,3,1
OVx1ot7NpqE,3,1
4JxXVlOkWLM,1,1
TIw1OPH6QvM,7,1
rk_SMBIW1mg,1,1
v6HvvPC2hL0,1,1
noZGjPklLaQ,1,1
3XIRswIfepE,2,1
qLAzubOpOtg,2,3
MepXBJjsNxs,2,1
BY7hYeJfK0g,1,1
4tWBm1bcNm8,1,2
PpUa4P1ujDE,1,2
CSpalJOjX3g,1,1
FkevH42sEl4,1,1
kg_63wV7bL8,2,2
Qa3e7TLVc3o,1,3
6QGPIgSeE5k,1,1
agz7ATD73jw,1,1
A2EqhIV4u50,1,1
A7EtalqfYq0,2,1
jmxSWM8tjQI,2,2
erRrF8YWGd4,1,1
-OH99CFzhFM,1,1
JpRJLg9Lq5g,1,2
HRl0dvPRkSI,1,1
ffaTOD8O-Qs,1,1
bn91fmADN00,1,1
VZpKJVj7S48,1,1
to2xSBJx6eg,1,1
kuc6C2_Txmw,1,1
6ziPljXoQ9U,1,1
CzfB0OXImUg,1,2
vRMohJWzuzw,1,1
KBF-QDDTAqE,1,1
DBkg8ibZMbg,1,1
7Y7BIvec5ns,1,1
WSR26q244p8,1,1
ExyeyrcFPFM,1,1
Ddzf9Mm4hdY,1,1
AKTyPgwfPgg,3,1
H5L33hbhLrI,1,1
23oGc97XQUg,1,1
tmRrN-9YkcA,1,2
wIt7JYJgt4c,1,1
fEU4JQwe_YY,1,1
JAMxbHQyPdk,1,1
iGGgiGuFoqI,1,1
lW2pXu97Yvo,2,1
C7h0M-imFb8,1,1
bmtIizXdh88,1,2
s1UT2Ms5E2k,1,1
eMBFhaxUIew,1,1
f3KkxDCyacU,1,1
Ju08AFpo3uQ,1,1
ejZhFtlazFU,1,1
hpP36QTjNNU,1,1
nE7mun63BtE,1,1
yzjv20sC5CY,1,1
uV5MSGWMMSg,1,2
q_z-9Xr8SZM,1,1
DHk94YoC95k,1,1
49ueZ9fl78g,1,1
1UTJjJD-7oU,1,1
R9STI37rRQo,1,1
NiARHO2d3Rs,6,1
kMxjO0c5ZR4,1,1
VqnAD_8pna0,1,1
JaG3htrfJpI,1,3
TdkgN4OWZTw,2,3
xEI0as5tkmQ,1,3
Cw8SvK0E5dI,2,3
Se0PQSPJuB8,1,3
YKXPlkhLIPw,1,1
7y1xJAVZxXg,11,1
8rHxCmTwyus,1,1
M4_bAACb6cc,2,3
nFuZXQkMg5Q,1,2
G16BjDvNGsU,1,1
qfJP77kDMRQ,1,1
v1lYnqjzH7o,9,3
VKNzht-JOXE,1,1
_Y-TWFKw4tU,1,1
EUWCj-d2heM,1,1
y4X3OSd6HzY,1,2
DkbG84Dq1rY,1,1
Iecl9RSdc34,1,2
iLf3NB2SRA4,1,1
ivXhHOUPF7Q,1,1
AHgL8fZbaq0,1,1
aYaj8aqkdbA,1,1
G-SWFBgiJEw,1,1
47NWmhalMD8,1,1
snwXT6tfqUU,1,1
SYtni31jIMM,2,1
_kKcJUPnz8k,1,1
bYm_oEO5iyE,4,1
qzv6EhE7Cbo,5,1
gGbT0l3LoTs,1,2
PgygIuf8b8E,2,2
yGhEdcwXxdE,2,1
_iudkPi4_sY,3,1
tKW3vKpPrlw,1,1
ZWH2fdzZmLc,1,1
knwNeeExO6w,1,1
yo_5Qy32wPg,2,1
8ZUoYGAI5i0,2,1
IQMGgMw-gq0,2,1
F4VoVLlyuS0,3,3
rPAu-tksO-s,2,1
t6m49vNjEGs,1,1
kybenSq0KPo,1,1
kjAgBbO3KJU,1,1
hsVLWlfAleg,1,1
tq5LdcaEZuc,3,3
tzkyGXYks6U,1,1
bWtH6VIfnAQ,1,1
JUrd0h8-a6A,1,1
zco4jN7zouI,2,2
z-QqmJimv_U,2,1
0b51SKLTZNY,1,1
CKgRZ0Ttfzw,1,1
MPrTZUosFdU,1,1
LGJ6D3KNJ9E,1,1
Z6U6LIemQIY,2,1
M5jgxWcCTe4,1,1
b3dSRxtlj6U,2,1
1YwxUMjkye8,2,1
lj7QRP37Wn0,3,2
A_set7Do_gg,1,2
2Vl5tEgtOoI,1,1
R9fgWop8wZI,1,1
SbWEuF99vZg,1,1
XzzP1ui_aGk,7,1
bSjVZEYEC1I,1,1
z6AxFwXNuRM,1,3
R2O3dkPVfco,1,1
nJqQi0msdq0,1,1
sC7sdjjqRrg,1,1
FS7VAqQ6eT4,2,3
Z02cpmj-FXQ,1,1
RBnxKg4eOk0,3,1
KmH00rza5Ds,4,1
dIZsI7QKNK4,1,1
PvOgjowzVr8,1,1
DMcVGr4BoSc,1,1
0oW_aMuwI2M,2,2
lDjiIs0cqDg,1,3
siyW0GOBtbo,4,3
NNOyxYYQUyA,1,3
sGADIXhJje8,1,3
HAnw168huqA,3,3
CdVWmJXoZqk,2,3
_x5AnAmJLAA,2,2
erMvGQwiUSo,2,3
JHqKpg-LeYc,1,2
QC2yOrXfkUs,1,1
dQf_vE7tOlw,5,1
5h64_fTOUVg,3,1
ZKMVvKI87yw,1,1
uT_GcOGEFsk,1,1
pi86Nr9Mdms,1,2
-fjmSE9Ez6w,1,1
AbH2tJrCoAE,1,1
yu-w-baYJ3s,1,1
b-KK6X4xxGs,1,1
ahNWUhKkbC8,2,1
T2br1fAKOGU,1,1
VN_-r9qGacQ,1,1
1jFMroHSi0Y,1,2
mmPZ_rWN8Sc,1,1
jDIZS4IQlQk,1,1
Bg_Q7KYWG1g,1,2
fTCQ2IA_Zss,1,2
2P-rTmujgS4,2,1
Uq-4aqqXCD4,1,1
1mCL_pxr0zk,1,1
Qgo_oQednXE,2,1
2SxXjN7WT90,1,2
8l-YpiiBH4o,2,1
pxBQLFLei70,2,1
k6hTa5ti35E,1,3
gI5qV-kvLeg,1,1
RYYf8cLUV5E,3,1
2O-iLk1G_ng,2,1
yoc9whnOs4o,1,1
MY_4VmvXrMw,1,1
TftGVf5345g,2,2
iCx_b_ODqqU,6,1
_U7mshkeH20,1,1
82Oh6xJ25U0,1,2
HFL9FLygC6g,3,1
N-bZ2kmr1yA,1,1
ApGwGYXM6q4,1,2
q4ONRJ1kTdA,1,1
hVu844ZcCdU,1,1
t6rHHnABoT8,1,1
YtdE662eY_M,1,1
ND4Kn1wtrVg,1,1
U4XknGqr3Bo,1,1
T3YeonnAXyU,2,1
Tg9cBJNiHYg,1,1
TsA4SHhUzt4,1,3
4lzs5wpLkeA,2,1
4SvkaK2Al0o,1,1
jHASGSss7RQ,3,3
Bmvxx_YbDsM,2,1
4WvKeYuwifc,7,3
gujPVrvskPE,1,3
6774taZjIRE,1,3
R3TtuMLPYLA,1,3
Wx_2SVm9Jgo,1,3
NU0RqwweuWY,1,3
5r90DYjZ76g,3,3
UDmBEx-ibpM,2,3
Q8euLzn01eA,1,3
N0x9MmKIzXI,1,3
zDbq7y20wpw,1,3
1xbt0ACMbiA,2,1
LY_Yiu2U2Ts,2,3
R_ViOLgvsuY,1,3
9vit2Myiwro,1,3
jdNDYBt9e_U,2,3
ZcDwtO4RWmo,2,3
NxFkEj7KPC0,2,3
ozfhJ5zZ5yg,2,2
Kz_F0oGb3QQ,1,1
EdDeNih73eI,1,1
vSSxF-rhOYo,1,1
VfG6_bie8y8,1,2
qDUWdnFrYSk,1,2
zURVpUZf7qA,2,1
8MpStkuNKEc,1,1
ECch2g1_6PQ,1,1
-E4OqN9tJnw,2,1
a_wuykzfFzE,1,1
-VI5zDQJoN8,1,1
NDa_SpvbeCQ,1,1
n1QEj09Pe6k,2,2
KgsxapE27NU,2,1
hiRBQxHrxNw,1,2
HCT-FurFVLQ,2,3
dGXahSnA_oA,1,2
Egzd7PsmNTo,2,2
mCx77zaPW6M,1,1
MP1OAm7Pzps,1,2
u3SuVLiFkos,2,1
pT18Ba73orQ,1,1
VgaCMpOkAzc,1,1
4HchGsN7eM4,1,1
2zaUOUiNjJY,2,3
ZR2GpiDE4FI,1,2
N4PW66_g6XA,1,1
ql0Op1VcELw,1,1
EJxwWpaGoJs,1,2
bL2WPDtLYNU,2,1
TNUomfuWuA8,2,2
E3jfvncofiA,1,1
zcikLQZI5wQ,1,1
cmtCtP5UXRk,1,1
SjWYbDFmkak,1,1
RN5abyeO4Ok,1,1
-w7gzIQAHf0,4,2
p7Cq2z3vGZ0,2,1
Vkmu7IJCreA,1,2
bEghu90QJH4,1,1
VYl8RI6DuoQ,1,1
OxhUmwP4AoU,1,3
4zEMv_9Edd0,1,2
hwnY_toqvVM,1,1
sBr8hbtyMtk,1,1
v394vC23HW0,1,1
imm_j1dURnc,2,1
-RUtxxMUDd8,1,1
Qaf6baEu0_w,1,1
csoP8Didoi0,1,1
6BsXLnLn9ok,1,1
lfo8XHGFAIQ,1,2
dWr29KIs2Ns,1,1
4GemXQ2ARA0,1,2
BfNEOfEGe3I,4,1
ENe89j89tBA,5,1
f7MzFfuNOtY,3,1
YhhH3xtImLM,1,1
o9La48OPwnc,1,1
zN3OiiBlla4,2,1
KKGjANiHm_o,1,1
C_9c7639VU0,1,2
op2Ci9qO68A,1,1
LWtnHFYF3js,1,2
R3V94ZtmdbQ,1,1
jH_OI3Sfo0U,1,1
0qCmjSKAlvk,1,1
_eda_3_Q0CI,1,1
4Cl0kVE94E0,1,1
SN7YFw3pQKI,1,1
S3KHOXq4-Oc,1,1
lVxlRLyCS9Y,1,2
5E8fAw5-gas,1,2
0JDoll8OEFE,1,2
7Lc_dlVrg5M,1,1
ecxCL84n26g,1,1
h5cm7HOAqZY,1,1
UwNqdc788QM,1,2
dP-pLUgw3j0,1,1
2fS9ixfQ_no,4,1
SENlu34OazM,1,2
T0Z73Zbtlyg,1,1
S_L70MPKADo,1,1
HNTfLGt59qo,1,1
kFtlY4HkfvY,1,1
HIaMTQpFsrg,1,1
3Xa_PHpFB5c,1,1
hi5GVXYlxg8,1,1
87a9-wgkCaQ,1,2
V0WEA52rDLY,1,1
lP-Aj9gBih0,1,1
4-Gx23vH0CE,1,1
beRlvujKZRQ,1,1
4TVvRqBvnys,1,3
r1AP6TCvdTA,1,3
et8Cn9q_A-g,2,1
qzv_wQBkSvM,1,1
itdYS9XF4a0,1,1
Zo4gRhG90S4,1,1
I2vYr6gx56o,1,2
ATAudjynAi0,1,1
Kj5nCaqd58Y,2,2
52NSTjTXYlU,2,1
6Z6wDTRcTL8,2,2
gkllFaRbGxc,1,1
bFf7qdZfHvw,3,1
As2-JwaH3BE,1,1
c0w7R5s6Zq0,2,1
BGwG4cMiTjw,1,1
m8WMtfycYsQ,1,1
qHVPJJ33b2M,2,1
WMaTyg8wR4Y,1,1
XSGRd5Ve1zI,1,1
vikg-h3KktE,1,1
ifcInHC2p7w,2,1
3ukLLCtdUU4,1,3
Isa5c1p6aC0,1,1
lbqyQqEO8ME,1,1
VxCLop9apQA,1,2
PI5dv_5CsJE,1,1
Q5YJ7mh8zWc,1,3
EBebWBjpWIQ,1,2
TiUNcxEvI74,1,2
kjURsDCIJws,2,1
EBLh_GAE7_w,1,1
yL8BKvWV0UM,1,2
TCzar0oJ3jc,2,3
h7gL4c9d8ic,1,1
sfk4Zul_Gd0,1,1
HCdqWNn6bsA,1,1
F-nNTGK0wFw,2,2
YzhSmnGcSkE,1,1
c2cvn9y7rVA,1,1
maT1vk8iOLk,1,1
3FaqdlY_9pA,1,1
RnWCGwB7idc,3,1
dhW0YQf_aoc,1,1
2wT0H21lMjg,2,2
KqpmAdtn6d4,1,1
qX6ONPQGBfo,1,1
8pohjm89TCA,1,1
ZVlZMOB-Sq0,1,1
aZF2zlRP10c,1,2
mTwS9_PReM4,3,1
_mgDW_U1prQ,1,1
8-dWSIUNF10,1,1
jyRLJPLTCGA,2,2
Z3OXagZzr_A,1,2
GDU7lEmiiD8,1,1
GofREVeNbcw,3,1
TjybXsyCjv0,1,1
LIjxV9QsYGU,1,1
tJNk7DcFIkk,5,2
TZH-K0theTg,1,2
4sx_AxoK7Cc,1,1
w7hnM6_3WV4,1,2
yk-3x5N9aL4,1,1
YhibHGWFVaY,2,2
TYxg3D6uQVI,1,1
Rtafn6lM-cs,1,1
PeHc4vbQrNY,2,1
6UDLnjh9Y0M,1,1
Bj20TKaRgN8,1,1
MN7W0Vs4xrk,1,1
YT5VECbL3Os,2,3
xcVzEJdkGEE,1,3
VyPGeFbe5hw,2,3
SDdkkTLCUUQ,1,1
LzrAKrWz05M,1,1
DpEtc6F9Jl0,1,1
LpsxXpIyAoI,1,1
o7gvOPz1CdY,1,1
G1HdmjDXv7Q,1,1
YJ0c7V9aeng,1,1
z0ish567ZgU,1,1
1P6O2hYRvT0,1,1
hx1tEXrYZLE,1,2
1biDxaT0ED4,1,1
3saEeDkemOA,1,1
9yJ7XfB1ydA,1,1
GPLeQ3R6W5A,1,1
-3fnVLHXu5c,1,2
EYPs-ya_GDA,1,1
UQCipqsjsW8,1,1
jey_CzIOfYE,1,1
j0GL_4cAkhI,1,1
Y0c5nIvJH7w,1,2
URKkqvX267k,1,2
uaDienwfOBc,1,1
SgOTaXhbqPQ,1,1
XI5frPV58tY,1,1
PwwgGOBw1oE,1,2
1FMUysy5fss,3,1
1KEe_615yUE,1,1
c0Z7KeNCi7g,4,1
hBl0cwyn5GY,1,1
vuoOZRK1gO8,1,1
QoqohmccTSc,1,1
rojft7g2BSI,2,3
eLhctg8j5kI,1,2
WJ_5PpzY_Tc,2,1
MVq7-XkEX_o,5,2
JrsIhrv0nxQ,1,1
1XDpa2HLXV0,1,1
PPySn3slfXI,2,1
Y12mA5oLSgM,1,1
MULmRFaMcw0,1,1
3TX-Nu5wTS8,2,2
U_hbIPJuiac,1,2
W0jTZ-GP0N4,1,1
6pY7EjqD3QA,3,1
RA7Kh6cgwks,1,2
3vRr-A-_j7E,1,1
TdlyV7fZpEY,1,2
_0hxl03JoA0,1,1
tNM8zQ0Wla8,4,1
6ZyxrLG6j64,1,1
REHMEA7FfJ8,1,1
bzVCIhP7Gmk,2,1
aa0dzZlPsGM,2,1
N5e8juvBrp4,1,1
Nr6wiT3ElVo,1,1
5oQbCOz9nlU,1,1
LgDCRegyo7Q,3,1
WXZm_RSTaKQ,1,1
h3vei4jUjtY,1,1
_NL9fXY1Xdc,1,1
kwnPgscg0vU,2,2
M7w986ni7_g,1,1
8AadwkiyOck,1,1
hLkdPS4pY5k,1,1
vKMNZyJRhBg,1,1
tJ3vN22KFYg,1,1
SOqZA5iT2dI,1,1
AmbKQmy4RZA,1,1
eTu9kgsZoV0,3,3
JEH4fNOqIjM,3,2
JVas26AFeAs,1,2
1_yOI_WVGdY,1,1
89rCmjb9wHk,1,1
4_G1uVrzLU4,1,1
8wRLQ8MVi0Q,1,2
IZfMfN1Z-Zg,1,1
WRXBtQZ0zrQ,1,1
tJmrODCZmmw,1,1
lbarjpJhSLw,1,1
kdAVn5JWkhs,1,1
nP3ey0DT4Qs,1,1
n_yR7uz2ftE,1,2
rLD17r0U2D0,1,1
l312_qj6quQ,1,1
lv3PDZVz52Q,1,1
n1JNuFPiTbs,1,1
i_irOlBJKWc,1,1
Fj0N2iS5g_k,1,1
9lQLXArjNs8,8,1
j48Z3W35FI0,1,1
iMkVwr-K4WA,1,1
4yugDvzvv04,1,2
NikuIurQtiM,1,1
l0CtmrMtGu4,1,1
YtgpHFUAGEA,1,2
-vew6LJPtKY,1,1
GzhdxSsoT0g,1,2
yhB2YEpfYQo,1,1
Q1lU6vfhi4Q,1,1
b3m-5wT_oNs,2,1
LM2iVXAA770,1,2
2XvMZmcVPf0,1,1
GESBI9pWWmI,2,1
DIZxqQl1QJc,2,3
OEifM-CkXWQ,1,1
g53DkNWRgDE,2,1
zJ-ZPv05cRc,1,1
eV77b6f4zqM,2,1
L-MuER-31SI,1,2
R2NzN1ew9j0,4,1
7nL10C7FSbE,1,1
IPe3aUGMafY,1,3
RSwwO00qeB0,1,1
NDXnBcCvkOc,2,1
lD9ZPQrZdvg,1,2
3sm-XGVca3c,3,2
_XneTBhRPYk,1,1
44ig4q-wo0Q,1,1
EkRRo5DN9lI,1,1
awNWfIKKIBo,2,1
fCXtjr0SrX0,1,1
SpCLTWsPT8M,1,1
kA9PAgPg838,3,1
OykXhUK2S04,7,1
v_1UO1GTsg0,1,1
F8YaG7aPJbU,1,1
ITfn1XOwZVo,1,1
k8IF5jZXosM,1,1
RAjuyhLMV6Q,1,1
eSCMtpNCAgs,1,1
ClQgxTgIQNk,1,2
b8XfPeVsD6w,1,1
lA2Hu1pildY,6,1
DRlsjTVC5HE,1,1
iwGTQdgYeDY,1,1
hC4eog5cY9Q,1,1
0ENOJBLVgjw,1,2
B2Fiy8DY63A,1,1
CeibmZzfkA8,1,2
S8tWQ7Ubt_s,1,1
6_NzXdJWCco,1,2
Y22F9O3A0EM,1,1
jfiJrSMaAcY,1,1
BTlzhBY2hco,1,1
StcHqlUZn4g,1,1
b2N5lB0-iok,2,1
IsgVFplffl0,1,1
SlX-1mEMa4U,1,2
5oKMD8iuAJY,1,1
o5peOhJbSvk,1,1
UlWqj4n7AGg,2,1
UD0iJLB590U,1,2
b2QNNvZ_vmU,1,2
LhqLn1wKJAw,1,2
hdpRl2A6lZ4,1,1
_SzZhhp2fgs,1,1
F9dzzxWsTqg,4,1
PgKXuGiHCGo,1,1
kW304fXuG1M,1,1
3-sc4rlV93g,2,1
AZsiAISEq7s,1,1
3Pqet4Bp_w4,7,3
AQuPMydVRoQ,1,3
Ch_hoYPPeGc,2,1
_o7vV7miEGs,1,3
ijGyHNWUGAM,3,3
qiESb9HwsAs,2,3
AYhdlHiCqas,7,3
Pm3a6B26HFc,2,3
aeu7moSGLeA,2,3
q4o-8gLK2A8,1,2
ROjW2UxFJv0,2,1
sfSpq0KmC8o,3,1
dngr21U-_IY,2,1
nRBRxwldgNU,2,1
MA9ZjF3Szdo,1,1
IWbQyRAvZRc,5,1
CXOVB4Zw9LU,2,1
lv5pavmipjw,9,2
UmoSqhJVlFI,1,2
QRsCXUkTJyM,1,1
0-H5utKlWtg,1,3
RKPUI6P25jI,7,3
C68pNP2GCA0,7,2
Eue_tAory8k,2,2
JdnWmKnUcWg,1,1
qmVvSDpej3w,1,3
_OILuF8Tvo8,1,1
vAnxaYDRGek,2,1
EmBQ_etNz4A,1,1
U7rpSjo5LRc,1,1
m4HqfrZwhog,1,1
Gu9Jf6V2JwA,1,1
r4VKhKU1gTQ,2,2
48UGS9zi948,1,1
hgxpkXLGD98,1,1
ksOnBy8P4iY,1,2
R3IqpuAodHQ,5,1
DkSYF_YpjDE,1,1
wYmrg3owTRE,1,2
Nfe2MoPDdkM,1,1
udZ79wqA8hc,4,3
B_am0oaoPNw,2,1
dn_IDmHYzFs,1,1
BfubdVY4vg4,1,2
kSnzcPXndVc,7,1
oTkHsF4CQNI,1,1
tUhQ6XIzqSw,2,1
UlFef-_VArg,1,1
j81xOLS1-BM,1,2
PZhBRSxq0kM,1,1
N-8zrTdvxSA,1,1
Z9Z5gGaChvk,1,1
907bGTXy2rU,1,1
zi4n25gE_Ns,1,2
1X8hsPklmaw,2,1
PyNU7sQFU6U,2,1
I3IEv3CLI4c,1,1
WRiTuD9VTNo,1,1
BiTdcF-pi5k,1,1
EqulyMs_M2M,2,1
GDIc_HAwnAw,1,2
5ZgICeN3Oc8,2,3
0ZL_q7oUVrQ,7,1
kYI9V_pApuc,1,1
wMmSWnZh0gc,1,1
C5Ox67Bsw0Y,1,1
Ll1i-ALe4gE,2,1
gGxdvkoYqrc,2,3
U-XnWz0WmE8,1,3
NiUmcSmWmjc,1,2
aSYLnPNPCuA,1,1
4PM37Emufy8,1,1
vzK0v_hsWvc,1,1
1ZufziHTQ2k,1,1
Uscc61V9YTg,1,1
fKvPL_tLHdw,2,2
No8-mBek3rs,2,1
z7fVhnUvcvs,3,1
AeLkzWyM0QY,1,3
f4G0nbtLLeQ,1,1
9i_aOi1eaQo,2,1
nPfTmCUXIKw,1,2
sGsgSJ5ZQaY,1,1
QQ8l83uqYcs,1,3
MJNQ-IdymO0,3,1
sMdOivBCgig,1,1
Ml_z4jbguH4,1,1
C-IiiFvfdVo,1,1
MfURZW1_r88,1,2
_JaYiMYbKGE,1,1
dwV04XuiWq4,1,1
ZSHBmS_GG7o,1,1
5GkZRw21kho,2,1
RuR1IMJflvc,2,1
MzIIh5UwR-U,1,1
Z9ciHpT4WuM,2,1
0gxKStPXyn8,1,1
IaIt5SgHl3Q,1,2
GOp889W0u9A,2,2
VcIs0Lvbsj4,2,2
Ryh87mkw7Mc,1,1
jmrPXttwHNo,1,1
iI_M9DP5BGw,1,1
HBv00ZBVrzo,3,2
0gYrmuONGYU,2,1
L_S3KauQWqk,1,1
ICS9cFukRoQ,1,1
n2fnUiAZL9Q,1,2
EUnlc84g47s,2,1
tWMG1PsR21U,2,1
5HXeqR2c6xc,1,1
YTG1EHw1XZw,1,2
kyG_tmCaA_4,1,1
trs1ma03jkU,3,3
IxHHsaqXTIw,7,3
nhwAJPfGkAo,1,3
WwFEEmzqTmQ,3,3
lPy33W0_Xxc,4,3
iuBBTIFgqt4,2,3
CUP_3tNGB2g,4,3
TK5tx35Nv9U,6,3
nZZu2IXlq60,1,3
It_3ICjkBw0,12,3
rZMX4FwUTvc,2,3
j0hI1k8zhxM,2,3
S8FEHc4HDUs,5,3
OFQ5MOcQq3E,1,3
RGAPaMdJosM,3,3
-PFLFfgRWoE,1,3
4pYRyStGURc,2,2
hI4uFmyqnJ4,1,1
-t7jZDHaPDM,3,1
4CQgxefaojg,7,1
7Cn88KyTAF4,4,1
o65dopjgqiU,2,1
2Hhz7gp8HJQ,1,2
Sj8hKLNCVzY,3,1
Ke3Q08MavGY,1,1
AQVbSqtxcLw,1,1
7izw9JoplyI,1,1
TkgoZCC9BDM,1,1
-RfzX87HilM,1,1
mq0A1-3tVHk,2,2
2t8JPHEIzig,3,1
kDV8VabrnUQ,1,1
GGHBR0lxjJc,2,2
tA9g9GB_ZeM,1,1
AxV0wBa1Fcg,1,1
DYeO1kyYflg,1,1
t6GPtUktmCg,1,1
wY9HqABixec,1,1
x-sXsraL2Zo,2,3
u8_w71PJLlU,2,3
xt7AsgOj_Ew,1,1
gweU7nj_CrM,1,1
h43EIJn6pDI,1,2
Mmbp7qTEzDM,1,1
cCKUUaBi3Og,2,2
agBxnzHBBTI,1,1
vdwMEZtampY,1,1
R2pJKa81Lvc,1,1
scQHzvb30pM,1,1
DQj3wgAfRJs,1,1
vyB0NkhaWqc,2,1
EWsMS60BWrk,2,1
lN7L7VgjZF8,1,2
NPg2hRaHVWE,2,1
DYMYKquFH2E,1,2
wm82imLQhpY,1,3
4-2m6oRyugY,1,1
za1xwIZ8NQo,1,1
iZgTPkVxNak,4,1
oTVSclP2l-o,2,3
JFIr94tLIJM,1,1
dQL2ItFFr60,1,1
GKb0TCfV48o,3,1
x_IWs9lCz1g,1,1
0XGyu2IGvNk,1,2
-fr3foimbHE,1,1
gfFAPF_T0ko,1,1
dew30-AxTBU,1,2
wz_4bipeBaQ,1,1
O0UQiITlmQU,1,1
DxC2iw5TdVA,2,1
TvVt15rIIoQ,2,1
MQyxG4vTyZ8,2,1
k3aSR09xJ3E,2,3
YF2M7UP4cLs,1,1
lbf6WVy5y-c,2,3
EChjIHaBjf8,2,3
ZfSSUlDMccE,4,3
7-8WNL5bspg,1,1
hYP7WRaVZB8,2,1
b62mDsSkldc,1,1
xxjT7nK0Q9k,2,1
JZfX3v97sTk,2,1
SiOlnmZZbwQ,1,1
0Wv3GSqjePc,1,1
aCOUZt2LUo0,2,3
wfbIS3GD4yU,1,1
AHFfrPPGL6E,1,2
kdA2-CAJWjo,2,1
2Ew6XV5OXXU,1,1
11oMu365xYU,1,1
H7UYHyChnag,1,1
GY8lIFhweV4,2,1
ISZNhc4KLhA,1,1
HxeloVc3mw8,1,1
ORp3q1Oaezw,1,3
xgY0nMbfIJ8,2,2
SSH5EY-W5oM,1,1
8s3bdVxuFBs,2,1
a4n0zcsdoN0,1,2
qQ7UfwFzndk,2,1
M7hOpT0lPGI,1,1
7eQuea_hgVw,2,2
h_Xh5MXA7yY,2,3
nH6xkjMNdnk,1,2
x3AwnkR92EA,1,1
1X1MNvuRpdg,1,1
_J5bDhMP9lQ,2,3
-U4Cq-dgNnw,1,1
oTKl5X72NIc,1,1
HEfpxiUIZPs,2,1
XGNZQ64xiqo,1,1
UIAm1g_Vgn0,1,3
rP01bH9Ljf4,1,1
3548Ac9wGN8,3,1
0z03xkwFbw4,2,1
1RO8RI9Wqms,1,1
sB0wWEFIr50,1,3
F2xv4fba65U,2,3
8dMgEwQYdog,1,3
JQl0blvYr6E,1,3
zM5Ljm87V3U,2,3
UDLpEQmdNZE,2,3
BmjXXszhRuo,1,3
XjwCRHlgRQs,1,3
v4vuz9lCGPY,1,3
_AB1mxhd_H8,2,1
gS8W4KRSvRc,1,3
CB3wVXZBWz4,2,3
5Vhc64y1NOc,1,1
bGqvimnOTeg,3,1
XmzGtF3zy-k,1,2
BTRQk7cztk0,1,1
nAPUGDfcnVI,1,1
iFhJ_mMHncY,1,1
C4TcwIJCyBU,1,1
U9DyHthJ6LA,5,1
k4I3bcDC4rE,1,2
WxlS79Q3EXk,3,1
qpeN3DVwk4Q,1,2
2MFAvH8m8aI,2,1
c_0E1XJP33E,1,2
9X68dm92HVI,1,1
R6ijdDtOLLo,1,1
E6kI9sCEDvY,1,1
INNQ8jRbMfY,1,1
SFVkD_Q_Jic,1,1
IAT8F_jmDFE,1,1
q6S6qDRUNY0,1,1
KDl8SPzZZE8,2,2
fgzR43ddYz4,1,1
OL83p4GxAvw,1,1
ifD3-niHucE,1,1
utBOYZ0pDo4,1,3
Q9wCA1ST53w,1,1
Af1mpyCr9yg,1,1
jnWITYAfAxQ,2,1
Ur6nU7MXRbA,1,2
LTllC7TbM8M,3,2
YXVEwmzmnPQ,1,2
9N-2yCcBrzc,1,2
ziGD7vQOwl8,2,1
bRcu-ysocX4,2,1
AJm8PeWkiEU,2,1
5pdPrQFjo2o,3,3
szxFDt-u5p0,1,2
iU69xwYxnao,2,1
10-wmV9VinU,1,2
JrmxD9UxY0E,1,1
PGeGvibHBvE,2,2
gUNyyibLYEg,1,1
MfHWJaNJC74,1,1
w1sOZFf4ak4,1,1
pfheSAcCsrE,1,1
bQmMFQzrEsc,1,1
kL0y4uO2XKs,1,1
ptN2KQ7-euQ,1,2
gypAjPp6eps,3,1
0V5ckcTSYu8,3,1
1Y1ya-yF35g,3,2
voFRslp8d60,1,1
Auh74d_OG8Y,1,1
QqLgmequ7Bk,1,1
-qCKR6wy94U,1,2
yw_nqzVfxFQ,1,1
P2MUNDiXazM,1,1
4H55p859czs,1,2
rStsx8SGsPc,2,1
74fTHh6jB5Q,1,1
z32PkokG6Ys,1,1
KPyx4yoYwCw,3,1
lrL53-dE5Sc,1,1
Kbwx4Ci1vNo,1,1
jobYTQTgeUE,2,1
Dv1xvCts3q4,1,1
Ev3sRw69RuQ,1,1
ITTxTCz4Ums,1,1
-j8L7p-76cU,2,3
-jvuhOa9wY4,1,1
nPYRXop7aPA,1,1
ZwY2E0hjGuU,1,1
6A8W77m-ZTw,1,1
ibkc_JSKxw4,1,1
9fB0GBwJ2QA,3,1
5HnslJrk09k,1,1
rxuoDU0mllk,2,1
AxhKRPB08Vg,2,1
Xk4iLoGpr7A,1,1
bii-ci1Zc_c,1,1
qbF_XY6NnUk,2,1
aQRaJGNHh3c,1,2
oMJaRoGeHrQ,2,1
9xtN_w6g-hc,1,1
b6WTwZ8Qm5Q,1,1
BvJZQwy9dvE,1,1
b8Z5eDXRKzM,1,1
K-gluIu-gA0,1,1
-gNZtI7hbvI,1,1
ghiOlbHqfhM,1,1
Gdj5GXXV4uM,1,1
-5FxDAMJYss,1,1
BUcNW1T1Fh4,1,1
_pgbYxLXQuA,1,1
jzP823LDvP8,1,3
XHXLbp7x3MM,1,3
N5ooFU5HosU,1,1
WLfjB3bCMxU,1,1
pItVGYa863k,1,1
MLBHJ4lmPUY,1,1
xjmXzYdxuTQ,1,1
f0yvl16BpvU,1,2
e5faETIK03E,1,1
15fXhJG7JdM,1,2
ba2h9tqNYAo,1,1
m77jeqwvYq8,1,1
YT-LUuPzj8g,1,1
KsKFtNQlvdw,1,1
jnXmDaI8IEo,1,2
2ta23uUFEtU,1,1
1iMmvu9eMrg,1,2
By_S3BMevzM,1,1
xbza-UtseE0,1,2
mwUZOZN-9dc,1,1
hIUr1C6zbgs,1,1
mT4EWCRfdUg,1,1
d-nxFHYsxN0,2,3
XULUBg_ZcAU,2,3
iwmLeCdfAdc,1,3
yoW2jHoVdug,1,3
JK-uwtnIfFU,1,3
OdV6SkGZb3g,2,1
XVnsgxuEZaA,1,1
mIYzp5rcTvU,4,1
5hYANNzFIc4,3,3
f1nbsGPtZ58,2,3
DcnhA-7BXZU,1,3
3vauM7axnRs,2,3
cwDqjmSmtMQ,3,1
Z86xysw5Ncc,1,3
a5ZwNfzusLQ,2,3
bOQIBg3DS5g,2,3
W_E0Du4cxVc,1,3
4pwXhzedNCI,1,1
MizPu-dTPQU,3,1
_vIljjR5dvI,2,3
NVFeRUBHqv0,2,3
wC4wECRuA-U,2,3
7tZ3flyt90Q,1,1
uo_yV06qx54,1,1
Mw22mitEhj8,1,1
rzj4FFi7wt8,1,1
lI0maiTATxw,1,1
Aj9K9NEI5yo,1,1
UsoOyTPacyE,1,1
GYQxHZgi-8Y,1,1
j-aa1UkAr-8,1,2
SKPostNgEqI,1,1
--oTQCysVTs,1,1
iBiSkTcDLBs,1,1
zmDFIW0J8JU,1,2
pv7TrGnZ17w,2,1
EDsSR00t9nQ,1,1
y7e-GC6oGhg,2,1
lecITZkWqzg,1,1
VP0vwBO749I,1,2
cSao4zzqrHg,1,1
fXIbLmlUdOQ,1,2
o0ZrDDXkN4Q,1,1
fqdAhD0CJqw,2,1
Rmb48a2t008,1,1
wr8S-2jrmZs,1,1
aQx_R3oe76U,1,3
cYh62Zye15k,1,1
VfpuHTKgllk,2,2
z-cvAdMlOKE,1,1
lssO92BNsJc,1,1
fFW60sTt9uw,1,2
0-lW4FVrh9U,1,1
AhY9s6ffQMU,2,3
x7G9v6JdYwc,1,3
GKgdzY5_UQ8,2,3
waeMkka60po,2,1
f5NJQiY9AuY,1,1
5YjsK80qd1g,1,1
60L6D9rhmaw,1,1
YjrxHqNy5CQ,3,1
xLhCvjF7nss,1,1
9TbeXyAe-cY,1,1
egVlN-kBjZg,2,2
-DJ_Y-NHBkI,1,1
CEQTo9usai4,1,1
oRckxnHZHb4,2,2
zmUMrAZtwbU,1,1
FIvdKfUWTAA,1,1
AH0IfJDRQ7M,1,1
-tj0UasJ4Lg,1,2
6esoWXxP0n0,1,1
h8P-BZ8X_6Q,2,1
0ZfrVCiYH9Y,1,1
Qmla9NLFBvU,1,1
F2DLQw1K9Ms,1,2
Zd5afiejqWs,1,1
OBA6qlHW8po,1,2
paDKkIt9vkk,1,1
zJ9TfkdgeFc,2,1
rl5Xu03-KIc,1,3
2-hcLpZkR9c,1,1
2Ghjf1NsXqs,1,1
E4uRWk06Wo0,1,3
UWyLzXHqJSs,1,1
rsX0ZgfsnH8,1,1
zNdkrtfZP8I,2,1
6R5XzlZiwAM,1,1
0mM5w6qBFYE,1,1
RArBX64Xno8,2,2
Z8wYTYY9Dkw,1,1
2FPrJxTvgdQ,2,2
WA0wKeokWUU,1,1
DpTlS2vcWwM,1,1
yJQL3Qj7H2E,1,1
WQMfONhhDWk,1,1
D7oFuTPdPMI,1,1
jDuDN2FtrIo,1,1
79TRDRPGx34,1,2
LqpKTfEQbbQ,1,1
GxxAbo9tAWY,1,1
0218GkAGbnU,1,1
_mlhRd3AzR0,1,1
y3VSIWHZtOI,1,1
kjpcVw0iCTM,1,1
ctPt74CNBA4,1,1
60q4UrjlvAA,1,2
vyZaOkD6lJM,1,1
LsLzRn96rwg,1,1
mTIcJNdYlcQ,2,2
4ksvhHEoMLM,1,1
pvqak6JGNdM,1,1
XGqSn5Cnw74,1,2
SgTxGOrXqRQ,1,1
BA_7aFYLd3g,1,2
kEr_JB9MYSE,1,2
1oRbrvqrnc0,3,2
cymZq1VblU0,1,2
C3tb7S-XeyE,1,1
P8z3-mRQxNw,1,1
r-uSWAJd9GE,1,1
sk7FVJ2MKyI,1,2
TKvAKROiwk4,1,1
KgxD_BAgiN4,1,2
Q25FmysqXR0,1,1
s9G7j5XnV6k,2,1
Ldf5hiDzTlY,1,1
KIxWDHr1ddc,2,1
SoittnX373g,1,1
wmM3J_KurQE,1,1
Sk57tDOEiOw,1,1
iIlDgy_WYzM,1,1
bSrS2gs6UHc,1,1
9Z4lQ4k_BQ8,1,1
Inc7Q2Q1cLo,1,1
DKho9doUCA4,1,1
lSD7mqdr9jo,4,3
J4rNLbXqfUU,3,3
E0A-JugmEWc,2,3
41Up_xuukCM,3,3
cgBUzOZkz74,1,3
zpDuao1uc_U,3,1
XZFSoZwLzgo,2,3
hKoElejHGZw,8,3
nWlzlY4OISI,2,3
-N2oiNRMbzA,1,3
hTeQt3KmpNA,1,1
l0E8OFvjbYo,1,3
OUsU-oFyFUw,1,1
BVRdnj5cjG4,4,1
_Waj4hX15s4,1,1
bavRX5y8uWk,1,2
FEQmGwGySLE,1,1
0SUtqC0ZbmI,1,1
dJjTpGEVJSY,2,2
cFqOmI8dxJI,1,1
zRqFwCKasHI,1,1
JfzRM32hh_I,1,2
vgVDTA7VYKc,2,1
viKgcZIZOE4,1,1
uAFTGDitJ9g,1,1
u8uVpqrjd7Q,1,1
kRTonid6rE0,2,1
NUqsjS8d1vU,3,1
dfsZxro_VlI,1,1
41KimZRIMCI,2,1
t8VBuSkq1Rk,2,1
xm2EXdrRBkU,1,3
mnWRTQ7XIa8,1,1
9ANWQPD4Ak0,1,1
1fXHQnNvVBo,1,2
ziy4jZR6cpQ,1,2
IhDBltbfB9s,1,2
dULpvsYoARA,1,3
GJCnwIy5LkU,1,1
Pzx4dSpwcnA,1,1
RS-flNZQUi0,1,1
5AZsWb14qR4,1,1
OvG8LGKyC24,1,1
Trpe5UXqPiU,1,1
yEzNGJRKd_g,1,2
7yd7mfCh9DY,2,1
pdyVYRQrShQ,1,2
FS9cBwhqfYs,3,1
ZLoC1NTgRrw,2,2
AIiHROVZQiU,1,2
xUYDio3n63Y,1,2
xICsT-N4D80,1,2
AYOVMctAtgE,3,1
5jOXKETXlT0,1,3
4jWsw227jz8,1,1
FEv5adGbMJs,2,1
HMLqW3tOk3Q,4,1
0e50fQLyebI,1,1
-chcQtWR8jo,1,1
oArd_9uZOnE,3,1
uxocgXWmcHk,2,3
qxhnviVZ2t0,1,1
ve6t-Zuzlx4,1,1
CJ681uiIr5Y,1,1
rjgHrqkmUik,1,1
RjXXakFnle4,1,1
TTuOdYz8NYc,2,1
tBD7YbBt80o,1,1
GVJ6c1GoP9o,1,1
NCX1HaNBqps,1,2
XzOxfWb0oUs,1,1
KgEYhmpy06g,1,1
G3_YU9dPwsQ,4,1
WoDPE398-S0,1,3
Y-iFgDK_D5s,2,2
IbKhaBT0-r0,1,1
J4tD3hJO6L8,1,1
nTm-LpRHO0U,1,3
zZEArbX-bt0,1,1
2DxYbnWmM-0,2,2
1cy7hDTVhPk,1,1
no50Pgah3mA,1,2
WClfy_L40q8,2,1
gd18m7cHvP0,1,1
KUfNbNBFwRI,1,1
1xMuswvEAm0,2,1
u7wk9Xa8KdQ,1,1
tA07DENY5OY,1,1
EVvTIV9qzX0,1,1
ahzncsM2DHQ,1,1
uLf87tS7jzE,1,1
jE3Tm180mac,1,1
XnoCyBp65Hs,3,2
igf5MJtovAk,1,2
bDz4CLOC7eg,2,1
nnH0tt1OZZU,2,1
G1pa6afh8o4,1,1
5gib-3eG52Y,1,1
dVlndO6L9uQ,1,1
TNqn9u0lgTs,1,1
EkQXhcFx-BM,2,2
pyYYF8mImEc,1,1
hlWiI4xVXKY,1,1
tyk0MLrR12s,1,1
AUp7ySlj-iY,1,1
_j1xIVWHB0o,1,1
xg-rZA1B2y8,1,1
-NnlEC7pBKk,1,3
d4hts28jnZk,1,1
eSLqnQ_EJqo,1,1
pk7ESz6vtyA,2,2
JbJvDe9x9-0,2,2
mkbxx-sWXQk,5,1
Z8pQ3qrEOn0,1,3
bUF_hk233IE,1,1
amXJ4T8psOE,1,1
Od4cFtt7xBw,1,2
a8QIcpjbRqw,2,1
HrV6Z9OBp6g,1,1
LuHnsPpzKtw,1,1
Yn5GYPzhmq8,1,1
iMBikr7lKHI,2,1
OepGyAdloCw,1,1
UPku0k7w6rQ,1,1
2P5FX8kakoo,1,1
ilcQtdH43vk,1,1
uLvCrsHYJPE,2,1
NNgbCYkDimM,1,1
0Uw0hJxy7Y4,2,1
NB0UIMuMoM0,1,1
GLWpNaCy17Q,2,2
wcgawK3t1_s,3,1
4N3fGnP9v_8,1,1
0J58S3-q_gQ,1,2
2fhFiaFfSJo,1,1
RewzhQE1Hcs,1,1
xYQWfHzLGeQ,1,2
OpsyyXSB2U0,1,2
rE_atz6-6jc,1,1
9WISoAU1xd8,1,1
McLMOf1n-AY,3,1
d5LoEHrRMGI,1,1
k8ZxVz6Wo68,3,3
ZBlBIpe8zbk,1,3
3fpgs5VV3ZM,1,3
4DIzMc-eMps,1,3
ebFzJjFTIB4,1,3
0geElNgUNcU,4,1
KDoMHucEZbU,2,3
5xVyKDFK_Gk,1,3
JX0uMs4vy9E,2,3
U5qYgjraYJQ,2,3
yr4kRSfwv0I,1,3
cXrxhGPX6BY,1,3
coOUnVh92bc,1,1
6uFHFK96H98,1,1
nbBfa0g0cfE,2,2
kZchVtam8xw,1,1
qd6ByMgazpk,1,1
6gWDdTWM3TE,1,1
zulMhSB4Gvs,1,1
uRTfxSh3Lgo,1,1
LHuhCGLVWhk,2,2
ePJEUvsB6uo,2,1
Dm9R-xISfu0,2,1
kzFDFlIKSVU,1,1
Jp8dzzjU1Ck,1,1
gnwoZk6dr0I,2,1
pL3Yzjk5R4M,1,1
CuYg9nmQ9Rw,1,1
HrN2Yywh0t0,1,1
c02vfwvxY8Q,1,3
TQCWagPlars,1,3
olZ3OIC1tOs,1,2
-9tKngkpEFI,1,1
fl6-DbhN_tw,1,1
5CwXB4-VP9Q,1,1
a-BOSpxYJ9M,1,1
zITFWzUauU4,1,1
rUbP3-1S7dk,1,2
8b6t-ks_otE,1,1
ddek3gQVt9Y,1,1
bFNtp2IhTLI,1,1
2NkMrgoCIiE,1,1
LBDRQqikr-U,1,1
dmIaQlGoXx8,1,2
EceJHV-TEZk,1,1
2cj5PX1wO0A,1,1
oXOPtIFt9qg,1,1
-OpiMjaB2ek,1,1
1t1vp6cRyxE,2,1
Esk42i4qUwI,1,2
5-6tP8t1vfA,1,2
3MzPzfEVjNE,1,1
TrS0uNBuG9c,1,1
ffIpRC9cSUc,1,2
ZsHMHukIlJY,1,1
j5UHULLK1sY,1,1
j2wzFzTtkoY,1,2
5Mnxw6MnTt0,2,3
HvU8zamR6hg,2,1
H2rG4Dg6xyI,1,1
iBHK8EmWylM,1,1
ANjKBvC02jY,1,1
2NZ3uwZGjXo,1,1
1ROBHhF80_s,1,1
TSPUAPT_OuI,2,2
OubM8bD9kck,1,2
noj4phMT9OE,4,2
0E8KCZpimgs,1,1
vcRrizbsYcs,1,1
imC10-NHbec,1,1
p4UcmsMAYRM,1,2
-hg8MIxebYc,1,1
FV5AUAle2Zs,1,1
gEwwDHm8enM,4,1
YWZaczZIn1o,1,2
hQyIt0nOnCk,1,1
OmvJSp1A7aE,1,1
pCFFP1K2e4I,1,1
6oms3zDLzfo,1,1
5p5FOkU1tEc,1,2
wDSOJ0cd9Oo,2,1
3rcHlh7KiCg,1,2
pMT0Homtotg,1,1
zHEQuVqLbGw,1,1
ZIn3cFQnW7s,1,1
mkpCzp0CmjY,1,2
2IWghep4Puw,1,1
L5-EbBmB0zo,1,1
LpIyaIHsJbc,2,1
imNdAmGn8v8,2,1
9AvatFWUoLE,1,1
OAf33JBLDWk,1,3
TMytn5PjwR0,1,1
7nnNvogrBF8,1,1
01uOxcNyXAI,1,1
PMWBPrFVwLk,1,1
4hxNcdyv-U0,1,1
y-hvkaX4t_U,1,1
oDPCmmZifE8,3,1
LBgRbGLppOQ,1,1
O1NW-ygv1i0,1,1
d8fiXaBm0_k,1,1
RypLqzQ3OUg,1,1
dUgTSOXVxwc,1,2
TyNJt4e-3AA,1,1
kHaDX2wXr2k,1,1
arj7oStGLkU,1,2
kr0lqEKMo4A,1,2
mXWgKhMcZ44,1,1
ogG9kME1BNI,1,1
obcO6i7TKMc,1,1
NpPyLcQ2vdI,1,2
MMwpkO9hPbQ,1,2
rFCxU2VJ7A0,1,1
T481m7mqzq0,2,1
yIIGP49sBRk,1,1
nG2pEffLEJo,1,2
ly8K257P2BI,1,1
0qRnIIKW2Xs,1,1
rbX1qrtgyvw,2,2
ET_b78GSBUs,2,1
taR-BxYb-IE,1,1
aWcGEo4OqhU,1,1
urLxLj_UU8w,2,1
z4ZOzuZy8-E,1,1
-pDUX5KnN6s,1,1
qt2OUTU4Sqo,3,1
MFb1eG5CgzI,2,1
Aq2ARItArNc,1,1
B_4y09FsyFc,1,1
vNLZruGcKq0,3,1
6V1Sm0WCtHU,1,1
IVIoC5ROaHk,1,2
DWam9FSRvGI,1,2
-oKLURMqEB8,2,1
R0sJfdCV-Tw,1,1
ahOvTUkzwqg,2,3
YlmgOz_cH78,1,1
foWMmY3xSuk,1,1
Cg6o-lfW8Yw,2,1
4BUgLMldFQY,1,1
mzIsfSsZh7I,1,1
I9I6b1JEb2k,1,1
X3B4lgV1IxQ,1,1
REHex5e57HI,1,1
Ih8EMqALUvk,1,1
peMIHK87e6w,2,1
1Lwc6ZIeBfA,2,1
-ThE4COEAN0,5,2
TdDlm1zlloA,1,1
LdcsGV1HaQU,2,1
IvveZr0D_9Y,1,2
xVANRroxuOo,1,1
MMQJxNwqAgc,1,1
sn2CebyHH6M,1,1
5XrA79_T_R0,1,3
6TW_Wdju-Pw,1,3
ofL55tEcM8I,1,1
mZYgzW2fS0o,1,2
lmZFwPMyKvc,1,1
2QJ0roe2xSM,1,2
T78DwdFUq0c,1,1
_lasps7I6xo,1,1
OienbTPWxAM,1,2
-DoL722yNn4,1,1
o7RpSvi9Hy8,2,1
gU5p6061M34,1,1
GMN28qbWvmQ,1,1
1FD5lReqe64,1,1
Y3cdVaZHvOo,1,1
nS9W-wlJHPA,1,1
hZaYKBZhsIY,2,1
611StJRKg-A,2,2
BA7uVQJqVgM,1,1
aMcjxSThD54,1,3
KuwUZEpusZA,1,1
VrkfY5X-N7I,4,1
E8qFWEfhcs4,1,1
ELAZC1_65ik,1,1
wXyaG6fgswc,1,1
fz8QF4V7Cl8,1,1
huVJSOWUWnc,3,2
M_jT52xmhZM,1,1
Ii_KQEw0BcA,1,1
8wLCmDtCDAM,1,1
v9BIv85-dFA,1,1
oYraLI04WiU,1,1
LyBIT0Q7fOc,3,1
uwhCqQ8hAl8,1,1
QLnrx6mbcSo,1,1
eEk5-MAKlHE,1,1
_QGN_kiExyY,1,1
RmzQ7F55Pf8,1,1
auprk79N3Fo,1,1
kU52zteEbIE,3,1
QOnr3DengMs,1,2
8nxPoyvVOTI,2,1
NfzWWGw6QXs,1,2
31vG4vXD6Ks,2,1
dhoGBZnSlM4,1,1
qngeG7KX55Q,1,1
Q5hFW1wAiZM,1,2
LP5PNAdHYKw,2,1
MsDYEQl1Sy0,1,2
RPT6-rf5_qg,1,1
o5Eq-hPA56E,1,1
6mV8rxBxr7o,1,3
eA327Mtrex8,2,1
bzEBDcxm4Jw,1,1
PzIysPChca4,1,1
rQBIBjbpzoQ,2,1
JONkLEx6zeE,2,1
ZHEY3LkBHU8,1,1
lAr89nGXtWU,1,2
PSY94epF6hk,1,1
x2HWfIIUciI,1,1
Q-sjudc3oCE,1,1
CGThVd9sInU,1,3
xsYYTPPOCj4,1,2
m6HXr0cW9lk,1,1
oqPiP2JYVNc,1,1
PKFAz1sKhNY,1,1
36K5YPopD5k,1,2
w_UuRKINCMU,1,2
3jBbyA-hR9g,1,1
Zb9dJeV4vg0,2,1
aJcSDmUgyBE,1,1
3hLlX6AM_Qs,1,1
MOJVMFvYYsM,2,1
h-bUWrjRQq4,1,1
cU-_vjDssVA,1,1
8Wm7I2LPimo,2,1
RGkAbm4oGy0,1,1
Oh6xGGjW5R8,1,1
g1c5Gf0ZlC8,1,1
PUTQQSxLpEU,1,2
or0VYgg4wMQ,2,1
RMaBmEL3loY,1,3
TBUQtfeICaE,1,2
_4s9RPkWfAo,1,1
z2IEiYM_iYM,2,1
wO9gF4S1_I4,1,3
BsEs-CLBbaU,1,1
t7E5fQWxua0,1,2
RQ1rr-kulL4,1,1
nrxpouVOGjo,1,1
opmrky-jhFw,1,1
eO_-wchKGhs,1,1
iXPQhAdiWOs,1,1
xHJhgS2egMY,1,1
XOe6ZCYWHZ8,1,2
AqjRcQabs_c,1,1
plzeqejNc5Y,1,1
dk6eVsJFz5w,2,2
GhwFlojZUpw,1,1
tDznbEENk60,1,1
PcWoR2QhBDQ,1,2
rYlP5TEKf2w,1,1
zj52FbQcVs0,1,1
ionts0scA6I,1,1
GU9O3xhj2ZQ,1,1
E1N4uI2EsWo,1,1
HBDPRYjGZi4,2,1
PxGo-pKi4zQ,2,1
dtrWMrZhVC4,1,1
B8eyWCkOMKo,1,1
YzA-HMq0rUA,1,1
QheaehKofU0,1,2
R8Yz60jg9F0,1,1
V_GX4OaH0hM,1,1
Q9SZlypyK-4,4,3
r3KRxaAFS6o,1,2
arhjhHeuRUc,2,3
faI8kacPGbQ,1,3
fexy5Q8rTBg,1,3
y6Q1qqMp5_o,1,3
TQD6LdaQE5k,1,3
kmuoBlH63V0,2,3
dXkrVCmZikY,1,3
FzZ0ltuMgzc,1,3
IPubUIKLzsM,1,3
yfxMJilhGMc,1,3
yQ8jIcmSj2g,1,3
CmPNVmxvM2M,1,3
ESxRXECdMSk,1,2
pYKlHQJkcHk,2,1
1NqOht516Oc,1,2
8WDPF31tWMI,1,1
mLXh85Nc1Bk,1,3
hGsWT-80WGI,1,2
2F8g6Tfp690,3,1
m_Klr5xdriw,1,2
OaiTPB3nI60,1,1
kNGUNQ03w94,2,1
7IlFHFt-7Mk,1,1
8WRxVpN8CP0,2,1
hdMXQMzt-To,1,1
UVhycQdi_gY,1,1
1B0mHT67Jyw,1,2
ns_UFyzI3uU,1,2
ODf4zoaR6ZM,1,1
zo3FFYMyFTc,1,1
-GNNYmgVUh8,1,1
q8f7JTe04JQ,1,1
tChH3wRKHOk,1,2
49Mt4vky1VY,3,1
fVImxIzkjx0,1,2
IoTkguzRaCU,1,1
cw4B_XbW7ds,1,1
mGPaU1D_ICM,1,1
_9HP1ztWEf0,1,1
IuHoflCmW3E,1,1
I0u9ihURgRo,4,1
DdQ2IMdfTiM,1,1
txEo7ecDieg,1,1
pOnBa8E7h2c,1,3
XtkXfa0D4s4,1,2
-N5pqG7-qDY,1,2
48dzV3WRu6M,1,2
gepr2Q_Ne-0,1,1
49uTrioA6_U,1,1
n3TtGXAoTvA,1,2
srr6Macxcgw,1,1
TSxhPEqrvEs,1,1
q7pI7IYaJLI,1,1
8LPBYyl1ljw,1,1
Bntj6OCe2_g,2,1
wEY-CbBaSD4,1,1
u6-mBp0dRms,1,1
IDgDWbQtlKI,1,1
JKWafKzuCZ8,1,2
7-HSC1m7ZDI,1,1
yuSBwFkCiAw,1,1
t6o7m-sCwBk,1,1
yPtBmjvcNQA,1,1
uwR0gOlhd54,1,1
9qnvTqJjNtw,1,1
T4VshJmCCrU,2,1
_HeBDDHms5Q,1,3
ac_x4ucbReo,3,3
paA5PT5F0o4,1,3
XanUVGeoDtY,2,3
62lqYyELvVU,2,3
B1e5hl6tsp8,2,3
ROYA4u7cuR4,2,3
mU1rEnc3EuI,1,3
luAIn43kEXc,1,3
Ria7sBW65GY,2,3
ileQN706wBU,1,3
dhj9WM-1gtw,1,3
Tq7JGB-UsVM,1,1
Ur6Z2i-eWzA,1,1
CXgfNBnetzQ,1,2
hMoWS-0iBJ8,1,1
woRBpEHFE3U,1,3
5CiIXGetCIw,1,2
ukmu4DPgtOo,2,3
pZ3yAhWmgE4,1,3
V91a4O141rU,1,3
QR43TImr0dQ,2,3
vXwsWgUraEc,1,3
mccKzTdfXts,2,2
Biww4HlctzY,2,3
GtduLsJaahg,1,3
DqNnJMldqLQ,1,1
9wlrwapa5cA,2,1
aZj7DIEftPg,2,1
vgovHkshZYA,1,1
UiEB9RRxNGo,2,1
JDEvueJ5QDc,1,1
1fTWAEmoAGk,1,1
ubQfxC0IFjk,2,1
T6YnchLbVXw,1,1
i4QzZ1b7iAk,1,1
VYsRX0B9im0,1,2
0RFXLwZV_fA,2,2
FtGL0sIwG9c,1,1
qwog7F2kyNc,1,1
-kxPDAiuijo,2,2
r1XaWXPsjsI,1,1
w2uGDti1zYc,1,1
eHOLBb48nmg,1,1
kuQ_58zcyfs,1,1
UM7mdreB-Yc,1,1
aWvnXnkQrbU,3,1
FwSuzQhC4eU,2,2
cpuH3DnvQmE,1,1
---jcia5ufM,1,1
7q2k5Ins-qQ,1,1
1yvZV8piMYI,1,1
fvI2PkVpy5c,1,1
n39CD75cCXw,1,1
veQQ95kbvUU,2,1
fV7mWuCdkpY,2,1
FmZofANQu74,1,1
ZI8QZ2WN-Xo,1,1
z_2kAtFfPJ0,1,2
V1P97VVt6_k,1,1
MofTP5-KPKk,1,1
uhRhtFFhNzQ,1,1
bf7BXwVeyWw,2,1
Lx1P1YA2rlA,2,3
r76nFVNgTJg,1,1
EM0L8uUGmmo,1,1
x_RHOB9xkqo,1,1
rlkrzMc0wYk,1,1
JqPOwy_EuvU,1,1
VuRZy7zTgTA,5,1
RfNBp9-PCcU,1,2
8D17mL_jnmI,1,1
eNCK_PWtOoE,2,2
MjDRbf7MG5M,1,1
284AtKzRKCI,1,1
PyrGkBJPL40,1,1
8YWyac1ZdsU,1,2
K60xHx836T0,1,2
E2XCepwaYDc,1,1
ukQecMQvDjQ,1,1
kqbRYoU9TPM,1,1
Facf7PWPC_I,1,1
5BN7wFT1tVg,1,1
MS9ZrTL7_x4,1,1
J0ej5k_SxUs,1,2
GZhnio6UWbI,1,1
ghAmkVMYkPw,1,2
O5wRwzZ2RbI,1,1
ZU9jibW1ABY,1,1
0ADGRgi6zLE,1,1
dC98ZZHHkAc,1,1
7uR-mrRtPp4,1,1
LI7DoO3Qpks,1,1
X2aeV3fIUDo,1,2
25BywC5-p2U,1,1
Ks-_Mh1QhMc,1,1
NBXxJrMxGZc,1,1
IDqMB6C1uys,2,1
6nc_X3wzW-0,1,1
x-9wYKR1w5A,3,2
jswOLqMjgfM,1,1
RNtZb4vWNLA,2,1
fUKnW7U96e4,1,1
DQSiygnDm-U,2,2
cAqi4o3055E,1,2
yqr59M9YzPM,1,1
o3K_HbpWNpg,1,1
P6_36Axaebs,1,2
4ChXHRUjVRw,1,2
DaQOGLbLrbs,1,1
P4nj6i6blU0,1,1
NTG2PESRurY,1,3
TZqDr7tKcKY,1,1
V8DfjXnIk6c,1,1
x67RQKknl-g,1,1
sL-HOAz0k64,2,1
cKElZkbzeqI,1,3
hyTkKqvj2T8,2,2
c0yBCtAL4x0,1,2
mawfZ1etCHY,2,1
3QQLguXB5Cg,2,1
C2Jv8e-L6BQ,1,2
AxM9FYSs8V4,3,1
WAYtaFxlw3M,1,1
nuxN-jxYXgc,1,1
giUWnoMJAzA,1,1
KMrwGEqT_hM,1,1
7s2CoqypMLg,1,2
ZCh0250GhyU,1,1
TWtsNx3p5Hs,1,1
KdtvcOequ38,1,1
29Mt3OvE6QU,1,1
Xnb4lh7nZQM,3,1
9rQtOLAkfLc,1,1
LWQfe__fNbs,1,1
oeL72c6scAs,1,1
pzvzedllIvc,1,1
na7lPazbpoI,1,2
erpPQDSWD0k,1,1
wuXn71QRyeE,2,1
7pj7EBJ-XqY,1,1
bx9nBsIaby4,1,1
974Igxkvf34,1,1
ZqoRGr3icTo,1,1
WdkgBlOt8m0,1,1
Y48RAgMU10E,1,1
URYckVmZeHk,1,1
Kb5eAt2BGkI,1,1
eXWq1JCdYkI,3,1
p7zA9C4SItw,1,1
-seGiwlyzwQ,1,1
WgWI9nEDdUY,1,1
wbyfhGHX0Vg,1,1
mijww_xroCo,1,1
29UZ_KHi1-s,1,2
LU4G_PmqJ0c,1,1
Y9isKwViDqU,1,3
PIUowqD0uY8,1,3
q9xZznpVWXA,2,1
vjhbsyp7GCE,1,1
D5okYDLubuM,1,1
Y19xTKDEc6A,1,2
rCUf2siRi64,1,1
_QdPW8JrYzQ,2,2
INvN_DXmRn8,1,2
op7N3MGhUtk,1,1
NEpjqIaaH2w,1,2
QLqkV8cP4xs,1,1
YiEj9mrqTN0,1,1
10ERMCYFPCA,2,2
SAdnXRivIfc,1,1
BZ70M5r4Nxg,1,1
GrOC_3u0qFQ,1,1
4_sDy9FJ4NQ,1,1
HnbsUkLcVBo,1,1
_KsaWpeCj98,2,1
Ou52B8toAC8,1,1
7iGZuA_LSk8,3,1
DK_PS9QFPFw,1,1
x1Vz0e6HjrY,2,1
_QZkaK0GVdA,1,1
_T2RlWV-lwo,1,2
3OevdnUEKcw,1,1
Mt8kLHY9Na4,1,1
jyXbEC9dEeA,2,1
Q7wP9bzf3YQ,1,1
tTVfJDMX3H0,1,1
GrW6epBAz9Q,1,1
UDdt_ZHGcUA,1,2
VDAXg_1cp4I,1,1
Dn1zhMsxk-Q,2,1
ogiN5eoQ8IU,1,1
_EYuM3LX2qE,1,3
a7BZB7sTX1c,2,1
qzKy7SWeKzs,1,3
b5pZztSzLbc,1,2
MtyLbrkkRHg,1,2
IDj4LzlKONI,1,1
VnCTSxuj7VM,1,1
U_wJwBsXAq8,1,1
euQn5Fsq7go,1,2
DBhIrMX2aQA,2,2
w4uMX5mWAF4,1,1
vewBjPfZ6ls,1,1
7GMNRwNh1yU,1,1
fFC1vEcKnJI,1,1
j2uqOYdg4_k,1,2
uY4GCSJrRAM,1,2
lLsH_dN_eYw,1,1
C3KLVRmPoQA,2,1
rwRf1JsjzZA,1,1
Iys6Kk0_cSI,1,1
ygKXQd_h-qk,2,1
fYcBzic0aUU,1,1
XWrf63p1Q88,1,1
kja-DLOQzIY,1,1
k_KXhsBCLSs,1,1
qQDfwyUgtjg,2,1
qOrMnF2yk0Y,1,1
qqTpMcHOnnE,1,1
bvXxN5EfBU8,1,1
uBuNirPAJcY,1,1
967w6op7Id0,1,1
OvhrKDgb_Yw,1,1
nJih_HDzEbg,1,1
87iazwlyvoU,1,1
mYzbLUakMN8,1,1
IO2Q40maWjw,1,1
bopyoUGdcpU,1,1
dZ6F1KTnAVg,3,1
7GZ3fSDFevE,1,3
hC3VTgIPoGU,7,3
LtQpGcJTXrA,2,3
rbjjbVmK1xw,1,3
u3q3g996cHk,1,3
qhIF-7UPDCw,2,3
MFeyvS3Ze7E,1,3
OHDf6t3v4RU,1,3
LXJB4tDLGfI,1,3
t9n39txMLDo,4,3
Us4B1_IUhjs,2,3
hx5RM9LUD6A,2,3
hWPDQkssqmg,1,3
sm-EvazNCjU,1,3
a4ZbHCVH_ts,1,1
_GnkpAJNRPs,2,2
TCvhA3BrmFQ,2,2
BjDIzBX5Qxs,1,1
AQSFlTXhBeg,1,2
IeP_o8sl2xI,1,1
r4jp6Bz1FYY,1,1
ifUqL9TKs7E,2,1
UYKfTlj2bMI,2,1
S-av7CGgWe4,1,2
s5y0-ULsyhk,1,2
Y270YIph-lY,1,1
MjTuAV036yY,1,1
zDOze_xa0Y4,1,1
xkx0MxK-Yl4,1,1
0ma0JzO43Ig,2,1
_oq_xEkLRLQ,1,1
sOO_oYZF_B0,1,1
9KhZwsYtNDE,1,2
_lL8LukGiHg,1,1
PUAwR16ogLQ,1,1
SlrMw8OPGv8,1,1
w-oykLjCcpc,1,2
f7zcYnr6Z0Q,1,1
IGVEaZJ4gp8,1,1
fArB5Jz2wos,1,1
BU53zRWeUHM,1,1
FYhDw3Mqrqg,1,1
ilJAczgfmHk,1,2
DjrlLlXBfA8,1,1
CKaCvc29gOw,2,2
X931EQVUq04,2,1
z7667jwwX00,1,1
FWIYGf1ieco,1,1
IlevMNIo3l0,1,1
tTIX-LZWY6A,1,3
OboQWOgTA84,1,1
nSynuQQnUxc,2,1
lHkhbW7uwxI,2,1
PqhI4MeCn1c,3,2
IKFMfvp9BVI,1,1
w_PoBqbHJ2c,3,1
hvGoaxgFnsM,1,2
gTpLn30PbbQ,1,1
ULLM-ElKLX8,1,1
BL5fvHkxjqE,1,1
Qer9qE0fSAQ,1,1
CwDYjJ3YdNk,1,1
1EwAc0AQFfY,1,1
PYp2zHhw8sk,1,1
tIm20sGTupo,1,1
mc34J8XRiGU,1,1
b_VzWkzmWWs,1,1
yvwwp2941yE,1,1
yV6ncoJlvjA,2,1
moIMeN36bDc,1,2
rfLZuR_h84g,1,2
nJMZ6reOB0E,1,2
NBu4X9QOvyQ,2,3
ahC5SWe79Uw,1,1
Rt3Xw3hs2f8,2,1
XmBEm5xT2-A,1,3
D5Z2VNTFp-Q,1,1
9Z7sDALCZjs,1,1
zPvA3Ymmqig,1,1
Ym2y-V-POvY,1,1
Jv1kmuFOhWk,1,1
YsKaNEt1A2Q,1,1
B229-KLudTo,3,3
7UR8OMQpLys,1,1
muCY7WGQCDM,1,1
FFyl8Hlvoos,1,1
k8getuMxnV0,4,2
v5cmvhvteNw,1,3
kkGTs155JEM,3,1
-FpEUx1uD60,1,1
yVPvFWD8-_c,1,1
w8WC2m3KRzQ,1,1
pB901AmTV8U,1,1
TJu1XgciI1E,2,1
3B2AHUUUX7M,1,2
40ywU_K9Yu4,1,1
Igj_rAV8WJM,1,1
qKfSbo4593I,1,1
tk_ZlWJ3qJI,2,2
oO9eIcnol_o,1,3
4cgluommARY,1,1
rBppc3439kI,1,3
JHFAwMOuqk4,1,1
xZnLarNsKKA,1,2
G9MNWh8kkIM,1,1
8JQzuM72zEc,2,1
7ytmN7T_HEI,1,1
QYIPcHjJDN4,1,1
2P6LV-DKMrc,1,1
onoGU2-g0TU,2,1
fjK4kac58KI,1,2
AsO8GTXgGAI,1,1
tZlFPsCc4y0,1,1
oK1aEOfHpZY,2,1
sI2iCjL7rOE,1,1
jcbii4JLaB4,1,1
Q0okDcfjAgI,1,1
kt75MJHCFk4,1,2
vXBfwgwT1nQ,1,1
1pZziPy1jLM,2,1
BOLU0n_7ts8,1,1
Gwk71FP19K4,3,1
cKJbdfREoeY,1,1
aPxYNgbMm6M,1,2
1Efe5vs3YXs,1,2
lD63JOjqTDg,1,1
lg13nJdQAy8,1,2
pv3Gel3Muuo,1,1
2Hm9jjAJnsE,1,1
PRgoisHRmUE,6,1
ycv2GDm2DOo,2,2
IrERQ9z0oNY,1,1
KRpNVVornOg,1,1
P2GKtc0D_3A,1,1
TAMd4uVdHUE,2,2
RMrHEcbldhA,1,1
4LryRV4KQCs,1,2
2LBkLjkEZ_8,1,1
qSjhRmEhi7k,1,2
yw_1eiRqJmc,1,1
iNT8UGpdM-Y,1,1
wgcfx09quQE,1,1
M0tAFe6CAhQ,1,1
6--BnrsU3Ow,1,1
-gfkabS61OY,1,1
rWofXXWOhck,2,1
RKH1JLqDCa4,1,1
OKyCFHZith0,1,1
CeBu6mRDaro,1,1
rQfQuya1ho0,1,3
Vq8mUnxEBII,1,1
0GgHk64Moes,1,1
Eo_gRBNrW_8,1,2
WpAraZXAG9w,1,1
TiQBTesZUJQ,1,3
nmEjLkTlrk4,1,1
SGRjzAPRVF4,1,1
UA4l-DLwmW4,1,1
xREo4ENRIC8,1,1
Q6qCUC44Kbc,1,2
DnCsQPpY6xA,1,3
5uOjtL1qRjg,2,1
QIiq-pZ2uZc,1,1
9osHFGoG_n0,1,1
KkCk8o-jSVI,1,1
g2ospNYqeF4,1,2
fr6xvMmoMik,1,1
q-O6Id17oZ8,1,1
2bT8BF0XL-s,1,1
298K8xtGf2o,1,2
ws7N6VcK2Jc,1,3
2LnFADskKQI,1,1
NE3Ox7ME6wg,1,2
TEs7MVBHLXM,1,2
1_BLatikbv0,1,1
_53xWxj136E,1,1
_px8sUQQTQI,1,1
uB9yphGfyKc,1,2
skmmKTsxwtM,1,2
1QQNY-QC4y8,1,2
4fPG-I8Wg4c,1,2
r_gXMfkrcAM,1,1
JLF3L-eWqcU,2,1
BQrd_9c9pAE,1,1
1NRcrjEQAOM,1,1
2eJWSxNzMD4,1,1
wyRb6w6icO8,1,1
I822PC9kW7Y,1,1
eOnSjsxNm8o,1,1
rZGF9rZ1-h8,2,1
y8YserLhSEQ,1,1
JVNVnEyOP4U,1,1
Y2sJ2H7Ws6Y,1,2
C-LlHZo_dvI,1,1
8N7cKJOYXSw,1,1
cG_5RuIgiFM,1,1
LP-obWXRPOE,1,1
dfgLo0ECD9o,1,1
2kv_JJdefxY,2,1
r_yEwlsYGbU,1,2
lXUxI69Ydp4,1,1
oCpPICubruc,1,2
ihFvqgcAHxU,1,1
lGD3ai4ZmWk,1,1
y7SlCdlwCo8,1,1
PFUlMUo3h10,1,1
YbIyZY6XZGI,1,1
ne-jaMWpKmw,1,1
LlfqEUDcQ9w,1,1
wd16ZC_evTE,1,1
l3YhPiQOVt4,1,1
mt_SPghmRJI,1,1
Ytk-OLomUSU,1,1
M57eCpaJuX4,1,1
81uMpafSwxo,1,1
9KZKJpOPo_E,1,1
h83qa-qX26A,1,3
w9hFAlqKmfM,2,1
8XQ1onjXJK0,3,1
AYxKRoONrfY,1,1
XepCi0I_g6I,2,1
AKniy8CCKgs,1,1
tKIJKQRb53o,2,1
0yZ5mjbB11I,1,1
otEbT0l_Hbg,1,2
QTJ02h7uiXs,1,1
kCMYfcjqlvI,1,1
RJhQKw2xZIM,1,1
x3QS7vvOqwY,1,1
Ulk9BCRA83Y,1,1
DyxK8ISCc6g,1,1
TLM94DnKkQo,1,1
3pPNJ61AZns,1,2
pni_kDv9BsU,1,1
boDAmyIKhfo,1,2
G-FxUhbJ-Ow,1,1
7zf4C3d7HmA,1,1
nMD2jNEmTU0,1,1
E-htCUyElV8,1,2
_-lEEfma5G0,1,1
Z-Vv0qpK_mE,1,1
R7L7SEtvfPk,1,1
5Rb1CIgt37I,1,1
gade9K7-JRg,1,1
pBJr_MP-op8,1,1
iVn37ndpkIc,3,3
Fk1XqrljVyI,1,3
3ozvgPVSKPY,2,3
a_3UuLRt6mk,1,3
_Qm-P2foSE4,4,2
3-sXA9lWlus,1,2
oXqknwxQ5kM,1,1
bvak2JkvQ_8,1,1
sAGjFk9bPUI,1,1
xkydmsTPmaE,1,1
83dB8uwQFQM,2,1
HE9nLWFZ6ac,1,1
gEo_HcufxyY,1,1
vCtbUMuYrTk,1,2
5J_UkMk6B1o,1,1
H_LfBQmEp60,1,2
76f70aunAl4,1,1
xHBUkVqFHks,3,1
nwZZt2UT2NI,1,1
JKGStxRyvhI,1,1
NkOtndaStzo,1,1
W2QB8uRfLLw,1,1
5zDX1FeGNXI,1,3
rcM1YwahW1U,1,1
upBdK9qaWpE,1,1
L4vsB2Hskv4,1,1
6LgKThatkjM,1,1
CTsvIyWpQoU,1,3
tUza2FLkJ8Q,1,2
WO2m2n1uZ18,1,1
5kqL3PZ35bc,1,1
nOQYn5WAIsQ,1,2
dr09kKDGuRw,1,1
qw_4HQMS-pk,1,2
hJe3R1TPzS0,1,1
D9slMnkv53Q,1,2
YElDeUFMX4c,1,2
mmh2lTg8Dc8,2,1
nkVM7HeebHQ,1,3
-iJLjUjzNng,1,1
LshrZVbbgb8,1,3
BIZDPKRE3tk,1,2
tbnzAVRZ9Xc,1,1
v2MkhDtmuIQ,2,2
ApJQ2wcYjBo,1,1
78rlrhHveCg,1,1
wQKNkk5b8s4,1,1
bPKTWFIrVyo,1,1
KH0QNjwFCi8,1,1
X_b-bb-3kRs,2,1
x3QlNAxxLW8,1,1
eWJVvNptHZ4,1,3
SZEo1KFjTn4,1,2
d5FVFsG8NmI,1,1
gM3TCo45SzI,1,1
bEeBxdzI7wY,1,1
O-G8k44m3VE,1,1
WCBoMp_VQ7o,1,2
8DDJA4v0bk0,1,1
7WBFz6Doj0w,1,1
jtngaQaIXK4,1,1
VymlfwSpwd0,1,3
-U6ywFMKh2c,1,1
xb91m6qoA3Y,1,1
ibUIiUUSbKY,1,1
ZIboCppTrBs,1,1
RZ6yNHmNOAg,1,1
ppaQTEOGebw,1,1
Sm5xF-UYgdg,3,1
eLeIsz3zqFY,1,2
mJubNz5yEtE,2,2
xepEEBTgxjQ,1,1
M-r4izg3Yx4,1,1
VJgsmr92udc,1,2
OcEhnEfRBQE,1,1
a4L8nIy7aW8,1,1
YzCULxAmkRU,1,1
XiDyaebx3FQ,1,1
aO9No3YaU4s,1,1
8lQJlWmR1Ko,1,1
Ok77bbi_WAw,2,1
s4FQvcg5eb4,1,1
_f7_wlDU-5I,1,1
6ayMqvu3-MY,1,1
zgNa0R6kz4w,1,1
zFVma1jckng,1,1
24bz0bnGj7o,1,3
wHjQ1Vo6qAk,1,3
-ZgBexrZvM0,2,1
_Y4Tkyo2jro,1,2
SAi6cRI-rq0,1,2
V0DbaMYkiN0,1,1
FDIMB2IskGU,1,1
ZZy7DvMzzy8,1,1
b-SEYRC8rn0,1,1
87XQZ6sTXGw,3,1
MfE9CHoct_c,1,2
s0mfO8dsQ34,1,1
rUgxDZ4jCcs,1,1
uw-0WatWko4,1,3
_Oo92jkfzQk,1,1
egf93x4-rvQ,1,2
fI_iwdNv5lE,1,1
mjcEI9NoXqQ,1,2
lXOndtmWd18,1,1
BnjCcEaMGyo,1,1
emmoJvpSGyw,1,1
k25xA4c85F4,1,2
QdPhr9Iz0Hk,1,1
jSCLXPI6Eg0,1,1
IxQ_HtQsyro,4,2
sTi84_o7_jY,1,1
YHIJeEz5ynI,1,2
liNM293gWK8,1,1
xw0gQj9w9vY,1,1
4v8Vw3yEBz4,1,1
DkVm76c880U,1,1
RjVy9qHykXc,1,1
vyGfDWxZzjE,1,1
EoI9cUPpm5Q,1,1
MkmO1H210TM,2,1
Aigu7KwowSM,1,1
P8wEczYUIYY,1,1
Z8Ws4PEky28,2,1
L6x_WuRwV18,1,2
ig6lfVuHZyA,1,1
Mn-FQ1IuBrQ,1,1
RIGjxIldvho,1,1
XlV3oPCl9kE,1,1
OzdK2BdUg5c,1,1
QnvYYUJFgd8,1,1
EBwYrJ5XzG4,1,2
iPAdhqb4HkM,1,2
-cV5YBF7boU,1,1
H7Z04Tl1-1Q,1,1
c9wk_yHb3zk,1,1
VNvzZfsC13o,1,3
SM3T67z1xTA,1,2
5nE3UO1kqv0,1,1
thqbjA2DC-E,1,1
qGGSJEp0cXA,1,1
UXEVHxa9WrQ,1,3
2rLC5pBE1r4,1,2
sPQUvjx02xE,1,1
011HQtiSMFk,1,1
qtOwfFRuEQY,1,2
EPhV1cAHTcM,1,1
D7aQmLot8mg,3,2
i_obGSTOZQA,1,1
OX5fC0tO7nQ,1,1
JsUH8llvTZo,1,1
2GFaN9-1iz0,1,3
VoQAxQgevEA,2,3
x5Kk5lr_2_Q,1,1
W2Cv5hZfOmk,1,1
ZRuSS0iiFyo,1,3
XxumsOQMxLE,1,1
1kimbo5c0Ak,1,1
7C25VnyEt7g,1,1
G70CwaM3l5Q,1,2
tIzn45hcNLQ,1,1
9E3FAKBlZh4,1,1
cQgn9TYeejs,1,2
Db67vYHQmJg,2,3
GgMudF7JM4A,1,1
DnOLvKEYIQI,1,1
eW6_ietTkNU,1,1
CFlzCPAdKC8,3,1
TFSu9cv_1yE,1,1
82S914f4sR4,1,1
hfJGJUJTdfQ,1,1
GqaYWdZ9BlM,1,1
KSWqx8goqSY,1,1
ncOL1Fzkx0c,1,1
xvDuqW9SFT8,1,1
f1uNHK0MUYg,2,1
LRQqN0qPEus,1,1
5EJQQPKHtJw,1,1
_hB3VoXkb7Q,1,1
q6kTLsmbwdk,1,1
Mx4QrUaThCs,1,1
3kyjp7284HE,1,3
a91QSbgUim0,1,1
AVUhq5Nsi48,2,1
lqrqKQCEpLg,1,2
gHWGZlEW9PA,1,1
hy-VhpzE2cs,1,1
dDAcJ7QNE24,1,3
LkTQLN1v8e4,2,1
L1VsOSpblS4,1,1
RxK-gX39Osw,1,1
O6Q_l6GA064,2,1
VCyxnCrDMFY,1,1
xewwiNU5Prc,1,1
M1LRrZezalk,1,1
mt5v_Rj3H_I,1,1
niCfKxMCbHY,1,3
u3Wo7opx_IA,2,1
1AzD9tkos5s,1,1
uR8BHG0C5yE,1,1
IciZUZNDDUg,1,1
kuWh8YBNsWo,1,1
IZZr47hjpdI,1,1
j6geUmVes_k,1,1
gb5dRYuM1zk,2,1
WDNhdkkHbbo,1,1
W6LDGbs6JEI,2,3
V_73w4cVCxA,1,2
ZqoE6cofgBI,1,1
WKfHNOcY6FI,2,1
1xzg4jHIFWs,1,1
q9NXpvhlFWk,1,2
TuJ0JjqCaNM,1,2
BP3Xofpj1WQ,1,1
0CRbpNc8CbY,1,2
gsEtQmNudwg,1,1
Zg_D6LyViL0,1,1
eQhOuNF0CtA,2,3
1kLlSyscQ2Q,2,3
2IPanKAPGFk,2,3
EYz5i2rsBaU,1,3
xiWISLpfEYo,1,1
SkiBcTToNgE,2,1
GHAxGVs9INw,1,3
fZbbzshfIv0,1,3
kq9vnF-M30A,1,3
3Orf4x3Mkgc,1,3
reAMVTR-n6Q,1,3
SwjBU2NeTec,1,1
fXl7vtyaTk4,1,1
r-I9P0Mb10g,1,2
NnWvPtRN6XA,1,2
76PPM2aOpJs,1,1
ZWG5heOjuLQ,1,1
02-SUcB7q0U,1,2
Dfq5COhVicA,1,1
DpbNJTkEbL8,2,1
pbZ-yJ7nO68,1,1
knJTx2Kguhg,1,1
v4JXmtEtBFc,1,2
nDyZKWxDg30,1,1
Vtyq-8fdCsY,1,1
cqNhL0i97kE,1,1
0T6lkMdmXuQ,1,1
NSmNrRzaROQ,1,1
70gRGNLG2c0,1,1
E_7Rr4SzkFc,1,1
N3TZcZA62GM,1,1
LEIFeju2oGQ,1,1
soSdSZGFl1A,1,1
8eE9ViW1ohs,1,2
slYAVymZ99M,1,3
mUThWZLuBjU,1,1
THmgm0UjIms,1,1
099cHWSbAL8,1,1
0sTsjQ_ud8E,1,1
07nZxVxX8n4,1,1
YVVmn14NnII,2,3
pQXbEUEtf2U,2,3
EwsxQzjRVpk,1,3
ITHKAu4xmNg,1,3
CFbS-ubR-k4,2,1
Vow2NVIk0Sg,1,3
EHvnZbPBzFo,1,1
MOAnVEK0vR0,1,3
JWqQOfblTqw,1,1
pmCgFGYDSFM,1,1
EWDaB7mCHoo,1,1
ByMmibx-qyc,1,1
9x0sReB7pgM,1,1
BpGN2jxzHio,1,1
W5O7TRTpesM,1,2
-d08vrnp-Zo,1,1
c7anECy6Tyo,1,1
sN7WA-iIh54,1,1
qBWhJY9tkY8,2,1
SdONhDIMhY8,1,1
Wh3wjwLHcr8,1,1
d8xAvcw1eN8,1,2
roiw0Ykwa6E,1,2
Ll2Q2Br2Doo,1,2
yVtk9aDh30M,1,1
aiVrW-uUyMw,1,1
S6gO91DQMhE,2,1
tJyty0-uSY0,1,1
BjwhYgHKy74,1,1
KKHmEhf9JVM,1,1
BnVI-YsUsN8,1,1
ceX5jJ5fggs,2,1
FlTSQn9HL2k,1,2
ZiqUAiOZb5I,2,2
2VT88bLAlZY,1,2
9weA5_5LGVc,1,3
mVzY3XW9sW8,2,1
KVxFvjAhToA,1,2
9sGGH57ytVc,1,1
cgWdmqRenhg,3,2
svMsXj0W5N8,1,1
NOJlVWbd6iM,1,2
WOoEK1IzeJY,1,1
TAMWsWvcbtg,1,3
D3xXvzGTKLw,1,1
Ob8b3SW5QUs,1,1
hesKQ_y1P7k,4,1
-4F70ZBdMtg,1,1
yGqP54lv9q4,1,1
bVA8e48zrfo,1,2
yLt3hjGvN9k,1,1
_sEbT1HHT7w,3,1
Pib8T6j5WzQ,1,1
AWlFGysSH-4,1,1
YJfLDKhkSfE,1,1
9ijuaF42zHo,1,1
skR7FvtnyLs,1,1
JVKQCIyaHrc,1,1
j_m6OKM8TUY,1,1
T9I3W26Bzvk,3,2
Y7ID-HTUDVs,1,2
V_9xxX_bIQ8,1,3
FU2YvcRkLmo,1,2
elEp1L4J1QU,1,1
djVXP9aA6aw,1,1
_Qgw0r29GYw,1,2
IomdsjX82OA,1,1
0VaTki11sFA,1,1
c3p8kt89iHI,1,2
hnS3oUU040U,1,1
XOVqpSX8uUA,1,1
GbkgRErCXN8,1,2
gA1OzTiVwe0,1,1
Xxxt4Xd0Ny0,1,1
IWHDXchWW54,1,1
A1EAY0RDDJQ,2,1
cXJqN7LBLMI,1,1
lUsv-tk9rTw,1,1
fI7e5Npw8Oc,2,2
p2zUf06iy1A,2,1
_keQeiFrPXI,1,1
S2PYgGGjrjQ,1,1
2d4RexX14ts,1,1
kRFf6CYzm_g,1,1
TLicIEwZdg0,1,1
jhjgAn0ZhHs,1,1
9YrhqGs3vdQ,1,3
RWNMjNmH_O8,1,3
xEL9nmD1dZ4,1,3
OQKAEjPIDNk,1,2
xdCTNas_YwQ,1,2
YZK5J4PN67E,1,1
BKNj4XHGDv0,1,1
3J7OX1L40uU,1,1
VVz-FHHH9sI,1,2
wC6V4gLAat4,2,1
V9p1k5wAVvU,1,3
NV4-kYHTD3s,1,1
l5Y1neArQUA,1,2
MOVOaGbbsTs,2,3
mslgUrQP3vY,1,1
VQ5wDbaVJ3A,1,1
3Ivjd6vtmGY,1,2
w9qJ-nLYBCE,1,1
zj7jVB-ZnZg,1,1
vKKwKupqzLg,1,2
hzMzFGgmQOc,1,1
dGidYBqBHVw,1,1
SJcGP0OzcsM,1,1
sDUVVRc0Qbo,1,2
oiraILyNH6s,1,1
djPwkjMm55w,1,1
rOYrRGjqIgo,1,1
7WC4u1MZIHI,1,1
YxuEgsfW4Z0,1,1
S54P1HWtXSo,1,1
jNQD95rRilg,2,3
IVScTpD-M6Y,1,1
__88WxQ1iHE,1,1
DHLRj1LaPiQ,1,2
O07ZoSCR1ZI,1,3
6F8mJZkP-Hg,1,2
bQ0pASJ2G_8,1,2
EFU6BB_gRmg,1,1
303YzkqQxhc,1,2
UK5fGZ9Ma7o,1,2
KRO6jZgQ6i4,1,1
prcTtY3M_k4,2,1
9aG7eAXgVcE,1,1
d7zAcU_AqRM,1,1
iDCegwpnlbM,1,1
LzXwximuwrM,1,1
y4pCl0MWNa0,1,1
ksu7hmVcB4M,1,1
xCFkTmI_9kE,1,1
trxg8YEvPII,1,1
bRwkpJ9viUI,2,1
bd993w3syBM,1,1
mVzCih9RnWg,1,1
KVit4vSAMsk,2,1
7RS9VhThNWg,1,1
mJf3jiAaG7A,1,1
aWj3kAl_364,1,1
7ifxv7WfiFs,1,1
uz-rsbnwPco,2,1
zUYAKVWuk44,1,1
D_IjmdKjavk,1,1
NTPNnrbPinc,4,1
S01EvBA0Y3U,1,2
662uKwHP33w,1,1
tQBg8_bzuoM,1,2
9HULeUy1Wqo,2,1
AqI6lLL1FDg,1,1
WD71qpdu-HI,1,1
9iZY75B2JRM,1,1
EodMCoeiC-M,1,1
Exf125xEQKY,1,3
U0QGZSY35sI,1,3
JsC9ZHi79jo,1,3
OOG65rSM5fA,3,2
vhYDpC2uP9s,1,3
IIkC2sBDf3o,1,3
ZNJyDyCocGQ,2,3
ZucVXYoegVU,2,3
3E_53yN0Q6U,1,3
VFc2QSyt_-8,1,3
W3P3rT0j2gQ,1,3
MdZAMSyn_As,1,3
FDW7PViQts0,1,3
TtXRfYX3In8,2,1
qCj6YNIpqmA,1,3
pKYwDMyVU-E,1,3
HAPQnCBnOLc,1,3
K22bUlgEh8A,1,3
0r6SPOD1XfU,1,1
qMlUSxSwW4Q,2,1
_KRsyx3IJ94,1,2
4BZuWrdC-9Q,1,1
3E46oWB4V0s,2,1
DsDVCQnqcy4,1,2
H07pbDhBgXg,1,1
j-ePGs9oAQQ,1,1
PPQhj6ktYSo,1,1
Q_fFattg8N0,1,1
h-rRgpPbR5w,2,1
H6n3iNh4XLI,3,1
cef35Fk7YD8,1,1
gn4bvjMh4vc,1,1
ZZZ7k8cMA-4,1,1
N1MZRowhMtc,1,2
YTaxwrcFhHs,2,1
Rqg2tSXZ6_Q,1,2
UefOyRQF7fw,1,1
w1TKGtai7og,1,2
4wZpDc714xA,2,1
39WrSskl3XE,1,2
ooQKWtFbjQw,1,1
lyrjDpkX6nA,1,3
vE-GN0IRBjc,1,1
MTRDgJoKkJ4,1,3
EKy19WzkPxE,1,1
XWCTQoF3mdA,1,1
HW9hH0vlPEM,1,1
wfcro5iM5vw,1,1
Kx-E54P_pOY,1,1
Y040L6fMtGI,1,2
JKfLZ0uLoyg,1,1
8k2AbqTBxao,1,1
5NlLaDoCRZ4,1,2
frgF68SC8vE,1,1
6aPxIYG4xM0,1,1
lxD4-31IEbI,1,1
BGbGpm7M12w,1,1
MiqSXyhl1JE,1,1
KwJyKmCbOws,1,1
oV0cbCFGAtU,1,1
tW0GowO_MaM,3,1
fBw8YmS2ab0,1,2
8fOrNWRFsh0,1,1
PvPgYLhOq24,1,1
PWCyGqmBd04,1,2
p7G-s_nucLw,1,1
cnooCepNZv4,1,1
JTTBruF21Fk,1,1
R2C6bBNWGp0,1,1
5HeZaYtfDf8,1,1
yGmQSXhmxi8,2,2
stcHGVnKpvA,1,2
PJ5Ksvs3BuM,1,2
FmQtyWdLsx4,1,1
irs6oOqgcBM,2,2
KBCcDrG2NjM,2,3
mJKc4YBRigM,1,1
sGXeX7PPrCI,1,1
Pbhy6BvgQAA,1,2
RQDzh3oQJKk,1,1
kTcNXM7g8-0,1,3
tHYRgW6DzkE,1,1
xt6_gvts32w,1,1
phf7W36_bu8,1,1
T5_KFy6qy-A,1,2
wHHwE8Y-pqk,1,1
WbHhIpRwPC8,2,2
faxTf1zAIkw,1,1
boF0Bg1o-r8,1,1
h86gFgpB2eE,1,2
AYGaDXaPvFM,1,2
ySq4n3mr-tg,1,1
SGcdPakoytg,1,3
Ub3b9p3LTws,1,1
uK0Wp3ueUMw,2,2
FkbGsQBP9hg,1,1
T8a6os19iGY,1,1
XHB0oZw8rQU,1,2
EzlbP_PD228,1,1
mu_oiUV1bZA,2,2
XcKSN1KEiho,1,1
iQnU0-1YeLY,1,1
1hcgXXJk_nw,1,1
lrW-i1kVieI,1,1
uaSY2Zc0goQ,1,2
hJnEQCMA5Sg,1,2
VMv7CxORfPw,1,2
2yW-fQbnrlg,1,1
-89I3OYCwp8,1,1
qlSxPouPCIM,3,1
2HfkHpWS5cs,1,1
x8sM9_EESjk,2,3
xoul3lNlZQE,2,3
P9NmAmt_G8w,1,3
TbRtVJYUADs,1,3
BjmyPdqUgaM,1,3
HPmmkeqgciQ,3,3
SkfQM031gWQ,1,1
NG8vQ3PDOKM,1,1
C2PneBztZ3g,3,2
7RTv2vkvSAY,1,1
30Bgybn-U6o,1,1
kn7CsBFvwIA,1,1
DesEUpFgGrQ,1,1
KGYzKkhtumg,1,1
JgByDCdtNE8,1,2
lrVR9gJ432Y,1,2
kXHCzjQxH9A,1,1
n-2Tnmxo9EY,2,3
pjYW-SkQzvE,1,1
TH_Jh-gHa18,1,1
erApcT18oH8,1,1
H9AWTVnA5Bg,1,1
Jjk7GT9GkuY,1,1
XQLS0UiLOgA,1,1
zC_u5sd4wW0,2,1
WJYMXhwnz_4,1,1
t0SBjj4smW0,1,1
s7rbD6hTPV0,1,1
8h7cnLWQKtM,1,1
bOMksnSaAJ4,1,1
FKeec9Jc6bM,1,1
spe619WX-Q4,1,2
2fIk0haqdwg,1,1
Z6N1axku8QA,2,3
RwOhX7v-0Nk,1,1
GiBF6v5UAAE,1,1
Rfrws50u3vU,1,1
HNUvUEdq8uU,1,1
HKWmBKvT3us,1,2
VzxO_aPrUwQ,1,1
Wdos_SUKtQk,1,2
5aSwUudrFzc,1,1
1FmKYkdjy70,2,1
akeWhGX9EoM,1,1
GeOUZ_pIwB4,1,1
DherCJxcXCU,1,1
UXOesknCZOs,1,1
QRAialw52Nc,1,2
B57ldy12QUo,1,1
ZkWkNEnhsGY,1,3
toaj2nxtSA8,1,1
_ySHsQ2nMUw,1,1
uGgC5lvuPLY,1,1
ZFJUYS6wY7U,1,1
KUdHIatS36A,1,2
UMhLBPPtlrY,2,1
8t1JN0RgvO4,1,1
3HnMCkVBHso,1,1
6k9Tmv344R4,1,1
BUQC62kslAs,1,1
dyB2AmRqHYo,2,3
hWDfsy9qQmc,1,1
ETkZpJcZhkI,3,1
EAxCgycx9QA,1,3
ijIkQPWe9GU,2,3
Y4xpVVJYg3U,2,1
e1PeQJ6VdiI,1,2
5R-FcHNDlZc,1,2
7kM27b-iaBg,1,1
XSMhuxiHul8,1,1
XfspZjl4SKo,1,1
3ya8fxm89jk,1,1
Gl3AvJLULOY,1,1
GT2Ny-idsM0,1,1
2B5t9nviEiE,2,1
Txrs9E7LANM,1,1
K1cpJBtWnQg,1,2
8B3w-VlVAWU,2,1
VCi8l0B-zlo,2,1
D59KsKGbx88,1,1
y2borU3FZpM,1,1
ITVZUKYO2XE,1,1
sldK65_HUgc,1,2
lyraNfiX7D8,1,1
sVqIueFKfv0,1,1
b9UPihp04xY,1,1
uC6qAnt506w,2,3
n0IeZd7NVVY,1,3
6_RdnVtfZPY,1,1
NvqKZHpKs-g,1,3
IKMlhFeZWe4,1,1
7qc33LAHNA8,1,3
o0Fs4Fq5eAI,2,3
9maB0NJbjG4,3,3
QM7WTYiIhQs,1,3
d7ydmkEIz9c,1,3
sxO4KbYPRyk,1,3
2OtmHtyLbXk,2,1
uQZdJKHL-0M,1,1
fDUQYjA8pfg,1,1
7zza6g-NRJo,1,1
5fzgNDVpoR0,1,1
PQXqGmfq60U,1,1
XROB40gXHVI,1,1
w_U12MnBGpY,1,2
_l_M5afGzoQ,2,1
WsMryhmDbhE,1,1
-puwxC18PRU,2,1
Gl3P8uCCVsE,1,1
abdk5Q0Gwh4,1,1
NbuuUZGyX2o,1,2
tDlB6Hsj8M0,1,2
BEBrwtLuGdg,1,1
o2iG2UE85Ug,1,1
Rx-Jv_ahSKM,2,2
VWcW0U9L7Vk,1,1
FAjci2tvrRU,1,2
K0rRH1pPCWk,1,1
TH6hEvNvb30,3,2
HsVwf0zpqRQ,1,1
y7iiXg3t2mo,1,1
xWD3Zi23rIs,1,2
5iF4zbQczCY,2,2
hUhKJ0ytt-8,1,3
68JB7DsdvnI,1,1
7VpMjb6w2yA,1,1
awXn-EHhC_w,1,1
LHXjV9hD8jI,1,3
MkVFCZFVMp4,1,1
HRlLFVcDdBs,1,1
eC0fGZnbmJU,1,3
9IlJ8qS_R3Y,1,1
P_5jgTSi5es,1,2
nOP7l_5Mc4I,1,1
qfgQDK0rIdc,1,1
65CKVXg3tF4,1,1
nzXUsrWkXPg,1,1
20P2r5lYh8A,1,2
AEjkuIPuu6A,1,1
Tclw2CzixDg,1,1
CjSrb2eRm7k,4,2
D9RuogpQOmQ,2,1
TZmxdXhhcWM,1,1
RblYN2xAY3I,1,1
5_OhhBlQwks,2,1
mO9Sxr1hHHM,1,1
sfsZkWQTwoA,1,2
3MZr5J5DOfk,1,1
jsMqdfKPRwo,3,2
RFh5fiLveJQ,1,2
g5LLVwn3_ek,1,2
c5uxklzQl5A,1,1
YCjGxRsKDqw,1,2
QynNpzqYt0Y,1,1
DEtBmM1gE7U,2,2
EI0J5ea3sbE,1,1
ywLSAfFFFVc,1,1
8WtS6AF5vcg,1,1
CcTWgF2GoVI,1,1
bxZAWzkieXA,1,2
vdE8NjMozHo,1,1
rXtFz3rGEHw,1,1
ch5uoQDgFIs,1,2
nzEX9Yjjavc,1,2
u99E-OeFcIo,1,2
hzAWq6btY2w,1,2
y5nbLWyIWqM,1,3
qWY5xfhvjyI,1,1
5Whz431eJVI,1,2
KexvUYjpzS4,1,1
7aeFumtwmvY,2,1
v8T1m9NvzVU,1,1
PPmvE4b1G1M,1,1
1KMSzlDjdMU,1,1
KJl3G9ieQ0o,1,1
8H8pHPEMIBQ,1,1
Sq-Z3m8Xfj8,1,2
GVc8cENFu9o,1,1
r72X5oUPTwM,1,1
bpAi70WWBlw,1,2
q4KfKapvnuI,1,1
pOIQSwB38NM,1,1
VcSjw95LZ_A,1,2
A-slA5Oa9qg,1,1
IJFoGduyVbg,1,1
3duE5TzSWco,1,1
JmqV2vIXpUY,1,1
zKQGAv8gtBA,1,3
4f-PMzMSuQI,1,1
1JCZKBpgv00,1,1
I0fGCV07m3k,1,1
4zx7ZTRm7qg,1,2
YNuipWxDaxY,1,1
IQ3Sr3JuMrk,1,1
UKKYt6fWob8,2,3
uQJ6IMREvz8,4,2
WWKvfxJ0VSk,1,3
YRe1ymYR45k,1,3
Mx1N0TiYMuE,2,3
cVhnvmiwGhc,2,3
3SPiXBSjc-4,1,3
7dtdOlluR5I,1,3
bx9G4ZeRrEw,1,3
Z0HpY6uEcds,3,3
NhigwuNzPeE,1,3
78uabsSMWvs,1,3
BdawXGP7zKk,1,3
Ng3ULAsAUB4,1,3
RJCXnqR6wU8,1,2
Jb0LCp-grgA,1,1
mmMqWXEb0UE,1,3
YVC1-a7jF7E,3,2
Y7BcnHQM34s,1,2
KTJXlMnA1c0,2,2
ORa1KjjUVt8,1,1
MHl3RP0Pxeo,2,1
fJZQ3sqgRSk,1,1
XnyEXIoiUzg,1,2
iVWSvD5uWkw,1,1
InlGoZpmQYQ,1,1
hljmofrO3Tw,1,1
Mn-nIUjFJAE,1,1
Af_7Gyfp8qI,1,3
j_vfgRgrMqQ,1,2
JqBDaJsqOSY,1,1
2z35_1e1MtI,1,1
oA1sphuyazY,1,3
IJ6VDZ1waHo,1,2
gcTenHftga8,1,1
dTqo6_4Dr-M,1,1
Y37c5kWGzsE,1,1
9AsglfadtA8,1,2
D4fVgVuPrU0,1,1
vwIUJbIU57s,2,1
lK8T3IxQo4M,1,2
p2zxlFQxkQ4,1,1
9Cb3OURdl3g,1,1
4PdlxerEq70,1,1
Yt3ZCnFx5Og,1,1
bsAqqHQcJyU,1,1
N2mi9-JzeGg,1,1
FfXsgI397WE,1,1
nI3-q7L5UwM,2,1
udJr3jKgswo,1,1
H4SUypWjfYY,1,3
zhnNIhV4EsU,1,1
xrbMmnEeyT4,1,1
S1DHeoI5bJY,1,1
XwkMCHf516s,1,1
y3JemKZxIn0,1,1
NFcIht97c_Q,2,3
R76fU5THN84,1,1
I7s8c4aQQSg,1,1
OYXUWJ0_ncw,1,2
IFcQuEw0oY8,1,1
aBWJZBdWug0,1,1
VGB5XobayOo,1,1
ky4QyaQ6NE4,1,1
-Hknt22RSnI,1,2
0MqFt0rrz7Q,1,1
SvaG0xDdP8g,2,1
W7vZmyfaaV4,1,2
edvdzh9Pggg,1,1
nvk6DUmTuvE,1,1
82N2qLC1sAE,1,1
7tYXWp_HNJc,1,1
vTNP01Sg-Ss,1,1
_f67XGDcmi4,1,1
bUb4Mq2C0ag,1,1
aR5N2Jl8k14,2,1
f1Qz73_m0_o,1,2
Du1-Kr6lzPI,1,1
_8F4l0UBnCc,1,2
SnOXrbfMmHo,1,1
HgPfpjy-muU,1,1
zskOzVQ-Lao,1,1
Wd7A0tPTGY4,1,1
mvDT0CJZL8M,1,1
5Pu_ZH-qHC0,1,3
leh0_oUX87E,1,1
DAQorHLNyIk,2,3
YZgXsDyIYFs,3,3
G9nZA9Briok,1,3
aFCiB7_SxM0,1,3
-LueTWZUul0,1,3
Pekm5wGO5YI,1,3
hcSoCrDL0ts,1,3
Q7sO4DJdr5s,2,3
7iSfZl22Rto,1,1
wjcGAKU23Qc,1,2
ZSTXCtGFBhU,1,2
_RatpaC_LHI,1,1
PT--skSZa1c,1,2
Gn9V2EpOvoY,1,1
kpQLf_ZiA8s,1,1
B6_H0rk_ZZQ,3,1
j2U23JoxkzE,1,1
2Y7RyhtuTxE,1,1
BYl8SUYHNnM,2,2
nsweeVA9C64,2,1
T2tl4cJJWLg,1,1
FJXtTg979gI,1,1
8nkexBr3Qdo,1,1
_LWPC-jaqkY,1,1
eKa-3lbLeyA,1,1
URM2yQMSCXU,1,2
6lTTmJ3xqEo,1,1
lBx-XLV2kvE,1,2
QC-nQTDrgYI,2,1
onduQjgAj8Y,1,1
fjhHBeLrHgg,1,1
8RjKGZm4qw4,1,1
bXEOkjr48S4,1,2
d-cKzEKyK9I,1,2
es6pVmvjh8k,1,1
ro8H0UHqpl8,1,1
0eKVKSySce4,1,2
8mP4As8FJAc,4,1
-5RCmu-HuTg,1,3
ZSZn8YG3RWc,1,1
AynIDPVnydY,1,1
Sii8p8-qc_c,1,1
fzIa_FNNkWo,2,2
8vW6qokJ22o,1,3
FXqNKVdgtEk,1,1
Z_WGJrANCHs,1,1
2UgBqTIlDGA,1,1
oZn_V1TM4w0,1,1
chysTCKpSpA,1,1
099SflBTDoE,1,1
F-OeKV1JZGI,1,3
tpjSskqiu9M,1,1
CR8j7FfX3mQ,1,1
TCqf3rgPiQM,1,1
vbv2FQ9GVUg,2,2
M20MosH5wcI,1,2
blvtzXuayX8,1,2
XdSp5GXbiE4,1,1
KOyIQF-hmts,2,1
d-znKk6nHjE,2,2
MYeHYg2n1zM,2,1
6NFDuwIXBvg,1,1
BmPtltvBtlc,1,1
zCbfWGgp9qs,1,1
WnnzDYk02hk,1,1
9bp0lIE9Qxc,1,1
RylJmsoNIMI,1,1
VLexeJ5kK4Y,1,1
pJVvesyzFs0,2,1
mS5WYp5xmvI,1,2
S7_nE5SPKsQ,1,2
eUSRoR-YxEE,1,1
L4gBnx8dihA,1,1
3oOnPVunV8I,1,1
nDW00F4zT2Q,1,2
UmtKdxywMc8,1,1
bTKV1i7HxVc,1,2
LZYDRWt9iMY,1,1
sGYl17DiEwo,1,2
tN9bu6CP318,1,2
p6V8TBF5dQE,1,2
pVM1-ZFZGac,1,1
dFneF74OemY,1,1
Zrodyqhg47c,1,1
5GoAGuTIbVY,2,2
UK6g455wIjU,1,1
SYPZwZud_PA,1,1
c4FlZLS8lDs,2,1
sQZhAjEFFTg,1,1
oE-_weLRLK4,1,1
nJrWU6OghkY,1,1
QSN5zpo0WMI,1,1
CyRXJ5GSM6o,1,1
eiXXEly3Do8,2,2
OGvYqaxSPp4,1,2
jhi2icRXbHo,1,1
crhgpbzV8sM,1,2
zS_RtvrsoIs,1,1
tHsd1YFKCjo,1,1
CNzHEIf9m84,1,1
yPmH1ix2OeU,1,1
EAGMaiFc5wU,1,1
NyPYsuP5nUY,1,1
ERj3QeGw9Ok,1,1
XITyCdze3NU,1,2
lBjgKF13GRQ,1,2
KkrnMVR6Zz8,1,1
gwc9bGroNfw,1,1
NISs6bKk0GY,1,1
TI7qa90z1Ic,1,1
diPkB6VDiAo,1,1
CV6bYNaUwFc,1,2
9TugA_z5vQE,1,1
EleZQG8FeR0,1,2
tJuYL3nPINM,1,1
LKS5OGq9VKM,2,1
_qtHQNnFwr4,4,3
D4_d07fkzx8,5,3
elAs-iHrGOo,1,3
ptZZsJcbhds,1,3
Kej6bHcrC38,2,3
HhBDj3SSOVM,1,1
wPd1dgVzUhM,1,3
TBfG530efA0,1,2
qOvs_x6L2PU,1,3
BnHYHjchn6w,1,3
FINW5iN0Wso,2,1
jw4QqmDaEaE,1,1
Hz-b6zCpAHY,1,1
d0VjygqjocQ,1,1
Nvl5yas0Rrs,1,1
HVxbEMQvpdw,1,1
jMRNGMjy1DU,1,2
5VWi6dXCT7I,1,1
zoWHgga4fic,1,3
eKE_M0ugMEg,1,1
nnV2Ulu9HnE,1,2
BVRyW4teiIg,1,1
Q0cORtSyQ-4,1,1
4cpdb78pWl4,1,1
KySR4Yq_B3k,1,1
x-iJEDPqwO8,1,1
lLaKxeR3XtA,1,2
mIcDHTYDjqc,1,1
URSERvgLDGY,1,1
MS_jHoNWi9o,1,1
Xtd4tds-I0U,1,2
htNYoNhjiHk,1,1
6FJ5gAN5TK8,1,1
Ckyo1VXFXLw,1,1
c5mZGi0v5Fs,2,1
WxKwmy5AGKI,1,1
sRqDzEOJImw,2,1
hRv-FEPB2eI,1,1
yP6rCBkVpr4,1,1
nWgSVk2slFk,1,2
S-3fAG0t5-E,1,1
LkSgxuQrYwY,1,1
j3J196bLP5E,1,2
5zuH1taRdM0,1,2
oevMUJcVMeM,1,1
-ACXj2Tqr6Q,1,2
lTpkix7pgSA,1,1
Ebbpwuh026A,1,1
ABRysNzcdvw,1,2
U953Lj8x3Hg,1,1
VApBedmawnM,1,1
eZhP62wZb08,1,2
OU21H6-Y6Y8,1,1
Scu5ILB04tk,1,1
C_CtWMo48nU,1,1
hRuBZLe8vfs,1,1
hJgZ5ybgGj4,1,1
ly_l7fsaLXg,2,2
kJrC50elJSo,1,1
rKpFFTGbaDc,1,1
C0oZQpQbFx4,1,2
Nk7oN-jvUO8,1,1
2DIl3Hfh9tY,1,1
BT254smRufA,1,1
4CNRmhleJmk,1,1
uWjdnvYok4I,1,1
_06gfMTNUnc,3,3
l322kC4NJ_Q,2,3
MVuduDrvHAU,1,3
ltIspBjCdZY,1,3
MWgQXlSQ7Dk,2,3
_nFFTXu3lAM,1,3
QYyVjhAU9V4,1,3
tOkBYgGTrfw,1,3
ePPMrX4YtkM,2,1
yGG2qSReYx8,1,1
hTJtF8fXroM,1,1
XbUE0uahrBE,1,1
dygamBQekKs,2,1
3pq1ufZy-PI,1,2
1kW1DKjiu2Y,1,1
OCDKn98paKM,1,2
Oi9cq7tXkmg,1,3
PX5-XyBNi00,1,2
oYEBWqhoaa4,1,1
ouOFHqxCMd4,1,1
IX8rEWetVxk,1,2
yWzhJjUprc0,1,1
cZLQ7Xcn0BY,1,1
_zd0j438tBg,1,1
dfLGUaHOqiM,1,1
iJW5JXJpzg8,1,1
wvhrAWNkHfQ,1,2
frWWuf2t1HM,1,1
ihVVoKk3ugU,1,3
gy9BdDgGZP0,1,1
7vmqUENYLkI,1,1
Z5RkHGHuuUw,1,1
mS_wAkzVoms,1,1
tlkM8vL1elE,1,1
1cZxfQo7eaw,1,2
OSlVAvqT9Qw,1,1
fr6pzfpoRGQ,1,1
tpxpN6F0dfk,1,1
FVVdCikBDQk,1,2
gOOJapmSwUQ,1,1
F_dBlF84hoo,1,1
VXs4dpBwVHA,1,1
zfTUppNZRN8,1,1
R6QkrU1h2Mg,1,2
Gp1Wqje_I9k,2,2
7sALsnsedLM,1,1
dqYdVrlbrHk,1,1
GgCYWNFGYE8,1,1
fBnu-TAk6q4,1,1
8ZPHcCQgGJg,1,1
djM0hldJWBE,1,2
n1-ytqXtl9Q,1,1
Y-Unq3R--M0,1,1
MLgn_kVKjCE,2,1
boXpe65IE1c,2,1
panF21hBONg,1,1
ExfC9AAfOcQ,1,1
88-foX1zjfk,1,3
OjPYmEZxACM,3,3
AjqaNQ018zU,2,3
etkd57lPfPU,1,3
mS_bvd9ReNs,1,2
mCo3Euel2wI,1,1
VdLf4fihP78,1,2
J5b_-TZwQ0I,1,2
dHiAls8loz4,2,1
3saU5racsGE,3,1
Fmh4RdIwswE,1,1
dXyO_MC9g3k,1,3
XlbWz7S0D3E,1,2
bq2_wSsDwkQ,1,2
Ox9slzZvTBw,1,1
6zjlb8RD6Ik,1,2
-GzgXv__oQQ,1,1
2LFNkPA_EuA,1,2
v9L-prXogME,1,1
4PIHI--96F8,1,2
ZzryaA2E9wE,1,1
5xnZ_CeTqyM,1,2
NsblJX74XxQ,1,1
KJ1FLhcMDMM,1,1
rGiYFJ2uyTM,1,1
S0LP4V9ZMWU,1,2
IYfgvS0FA7U,1,2
_9say1jGFFQ,1,1
xp2DOi8wIfA,1,1
hXUE_TbljxM,1,1
wcf1y1_e1P8,1,1
wAJUZRZBdlM,1,1
RKjk0ECXjiQ,1,2
9qdO2pFoGgw,1,1
8-hahRWhFvg,1,1
3-E1SdSMipE,1,1
GUfFiy3yW88,1,1
fd0pYW5JFNM,1,1
z5sSu5UDZxY,1,2
L6-sj9uKDIE,1,1
zqvptdztIl0,1,1
-vFVUp71DUE,1,2
PTvmz6S2GzM,1,1
QSxoEdcib1o,1,1
rudJaS3TbbU,1,1
aXUmqjX44BU,1,2
inYcSVc3Cgw,1,1
AtHEuU50S8M,1,1
m8VdSCP0ohk,1,2
jIGkt827v-I,1,2
r-rLedtryRE,1,2
uN9XV0HAE6M,1,2
R6aImfx8Iic,1,2
TVqhxy4Q1WY,1,1
IADTFB_oKrk,1,3
EgflooAoYiE,1,1
3x5TZQpM0A8,1,2
4FrNDxXQfaE,1,1
iAW9gjurr8g,1,2
9ZDWonq_5j0,1,2
cJLC3LPuKqw,1,3
zXlTJr4lngM,1,2
d5iv6A2TYNI,1,2
QME48pWfveI,1,1
Wbmd7qzcA-8,1,1
Q0TCYu1FiQc,1,1
DptGBVPnvKE,1,2
uoSgs6efzgk,1,1
dxO90mw0l3E,1,1
tndfLueunCQ,1,1
cFTu1i8cmuM,1,1
vGVKAz9OifI,1,2
Z-kjIJaHoAg,2,2
qD7JqG34L38,1,1
GfyqFPUFyzk,1,1
7MKh2H9Aaxk,1,1
YzBFR-gYhtg,1,3
2SQKB9rLHkk,1,1
0XhwQUqm_Hw,1,2
0IiN-JWPGj0,1,1
dKW54xy3_bM,1,1
xh_kXSCCfaA,1,1
9HZ_sPCbBVU,1,2
9ETrO_lzweY,1,1
RlR1ATOTCIE,1,3
AmkmYWvA-NY,1,1
0OYGT3VkkFw,1,1
X0lkMajVnVA,1,1
dewcYVMbxJ8,1,1
qKBFknkmIck,2,1
APQBM7LJJCY,1,1
la9syWpyan8,1,1
X_kuC35F06E,1,1
q2aFh4bMznM,1,3
S86uZ3jD9Xg,1,3
FO-LVTdNEqA,2,3
6AjyopaiKqM,1,1
5q0Y2KFw-q8,2,2
P_6vDLq64gE,1,1
Jr_7B8snzW0,1,2
1ZNZY-gd3K0,1,1
1zSNvIE2h-c,1,1
XwrMxzsnDWw,1,2
QEkC_Q1ERyk,1,1
2m9SRbjEHrY,1,1
pei4boOUaBQ,1,1
sFBd4Yr4bxM,1,1
Oqkc41gfiKc,1,1
yhScmb9uSTQ,1,1
b8Vlxta6LZk,1,1
vh3-51ZKu6o,1,1
PsyuhI7cYUI,1,1
mXQuto1fMp4,1,1
wSvzizqz1Fs,1,1
q27sRaQ3GXk,2,1
8_KaVkIgNxw,1,2
mSXvPUHIXfA,1,1
K9vD-DImYGs,1,1
-Eo7J7u-uCU,1,3
zNlKR2wrGZU,1,1
YVlJQLcNbdQ,1,1
-uD4ysvoiUc,1,2
0xUfA-gie_Y,1,1
r6YiT5gYQU0,1,1
E7aNCkKF-PQ,1,1
twjTkBN3Q9A,2,2
NkqNNctIffA,1,2
rI6J6XqmIZY,1,1
WVJpTX_c0aw,1,1
2nyCpVDbhGY,1,3
XZOOA9heAf0,1,1
Ag7N_LdeDoo,1,2
MRmzqN8dSGk,1,1
rPh9bprbLkM,1,1
rqyE-7Y55kU,1,1
ZUi6g4i500Y,1,1
9-bTqfs_vOE,3,1
2bTeBo-wWKw,2,2
VNGFep6rncY,1,2
dOUkYy380mo,1,1
styoemcI9zE,1,1
sroHTl8ydvY,1,1
io-1mYQUIe4,1,2
3WQHDUYk310,1,1
IpJmRFGZdVE,1,1
jeykto7Qtz0,1,2
otvN5riaD7g,1,2
qElsFq8Oqtc,1,1
KqLmp_nX2xU,1,1
54Bkh80vk-M,1,2
OIyg6oKSTTE,1,1
C2XASSGxgWI,1,1
EglNw1iXZYI,1,1
8KQkgFtms_c,1,1
clfFT1XOJKM,1,1
f7dhOHMX0js,2,1
E9o_ifDQWLE,1,1
KyP1WTrwLxA,1,1
WqGnmu5xxPY,1,1
TRzBk_KuIaM,1,2
KZ2aFOTf_4Y,1,1
vzGyN935f2Y,1,2
L7nqLK9H64g,1,1
_nCOhrYV7eg,1,1
pCjY3ZQY8WY,1,1
XmnZ9HZTHjw,1,1
TaliInOFKIA,1,3
WpN5PjOxHbo,1,1
4aZR8Xa57rA,1,2
ZsvtCUcmAao,1,1
Sj1LK8kkocY,1,1
1VklwDkfA_4,1,2
iROwTNJ09BA,1,2
Otsf8acV3AE,1,1
GCDsu03-WUw,1,1
-dtJ3evZgQ8,1,2
O3r41VR84y8,2,1
Z_L3a6MDQFw,1,1
mHdqpqy9VbU,1,1
IiMyHRnUNDA,1,1
d88bTwMV2JQ,1,1
Nj9HgcFmE-k,1,2
n8ptBkIohHE,1,1
xGpDp86RY5s,1,1
wbkGss3oPBY,1,1
sTHCMNnx1cg,1,1
uXrACl03dIw,1,1
o2_SZ4tfLns,1,1
74rDE6lzwV8,2,1
Y_WPLeDmU6o,1,1
t-EAzHjkYxE,1,1
nDw0b9Y2ol0,1,1
XwzsGy8XdVQ,1,1
_NWFAMIk2BI,1,1
2fbwIcCSoEA,1,1
cFGAAeTTmXM,1,1
MuFC9aS7Rvk,1,1
3WutsI3-mtI,1,1
1JjHeJ8UIzI,1,1
2TUcDzij0yk,1,1
g2u0w187zRg,1,1
hQfgA-yKzPU,1,1
EDm9hwchyUI,1,1
_0OsOEatIxg,1,1
UI5teFbIXXI,1,1
8iDOVQZhqSc,1,1
CkstFcDoac8,1,1
k2g6R0a4IpY,1,2
T1xUrvtzX5A,1,1
rg5bgVyr01A,1,2
t2Qu5KG_jDE,1,2
40pwJhkswIc,1,1
yXKpzpdJ9pw,1,2
dBK8AYPHVhg,2,2
lUedtfxLj4Y,1,3
m4R3ehF5a_Q,1,1
6S1dHdLGMlE,1,1
dP1mncc1L1I,1,1
Gqcx-EYs19U,1,1
IwI-b2Ok7TQ,1,1
7NXjsIkZzoo,1,1
rpEqb0AW3SY,1,2
hmMjipPsFq4,1,1
5SU-KH6jN9Q,1,1
XIaOrgDznOU,1,2
IAa8BmuPqh8,1,1
QQu16gJ8XxA,1,1
kMQQ_t8VVc8,1,2
2MmVHUF-RAA,1,1
AUJkqeFhUvM,2,1
k_mR-bQD2wU,1,1
ZHeZ8kBP8Xc,1,1
ujU7xdW51WI,1,1
Bn6M__OVz64,1,1
YzCkk7dk5MU,1,1
1i_tSy0_MG0,1,1
RC8iwT-ADwA,1,1
e7LEFGGzhqU,1,1
31MI5c7LYSU,1,1
opDuw4OZ3QI,2,1
Jy9PeBdKfuA,2,3
wO9EV3-fd1o,1,3
gJj6OvFUjCw,2,3
O47TE371KQ8,1,3
mMFONW7XVrA,1,3
MVlGJcuzY3k,2,1
BFs6TQF69PY,1,1
B7-ZRjSfP54,1,2
z162CH3XYQ0,1,3
iIiAAhUeR6Y,1,1
NthID9UOW-I,1,2
Cdp7XjZdRoM,1,1
QsCW3-9xM8E,1,1
Lp7E973zozc,1,1
YSt0FImxM1g,1,1
gLQC3EzDGr4,1,3
kwYxHPXIaao,1,3
zXCiv4sc5eY,1,1
um5gMZcZWm0,1,1
BN4yTXGhU0Q,1,1
qPaCUJsZyPU,1,1
pBXVMRxnJAI,1,2
b8-usXVkF_U,1,3
CUgoCNtldcQ,1,1
3UMey1ogZcU,1,3
p3UfXnK5q78,1,2
SQxh07br2lM,1,1
_x5ycQ1mOyI,1,1
QuR969uMICM,1,2
rrBLkfWg_MI,1,2
goQPG3XxX4o,1,1
AxIPDu4bGig,1,1
D9PlVZ-Ae1c,1,1
jw9vW7GlZkI,1,1
Tz_26gVAXCg,2,1
yy6TV9Dntlw,2,1
8nt3edWLgIg,1,2
rD5_tcJUd6k,1,1
EGUZJVY-sHo,1,2
Hj9oB4zpHww,1,2
FDtbjrqpUBo,1,1
i8Bwtis-53A,1,1
WTVPPTV-bQM,1,1
1APOxsp1VFw,2,1
xoD5QJtay0w,1,1
VxGMqKCcN6A,2,1
PJ_FOkOcSoI,1,1
Cm1j1fpldkc,1,1
1KDofNntloc,1,1
GL0scidXuk8,2,3
qn23H0vMCsM,1,3
S5HDDoxrGZ0,2,3
iQrYvdxWEjA,1,3
dsxem_mTVAg,1,3
ANohtXQhkQw,2,3
FoMHjtW5b-8,1,3
ZMi3u7E6ez8,2,3
VEF2Fjc4QeE,1,3
Yq7Eh6JTKIg,1,2
kfl4vVli9n0,1,1
PEMk1WWO3gg,1,1
dax8KvfPXPI,3,1
PdQVfEKjUEI,1,1
yqc9zX04DXs,1,1
d0cmjFjR64o,1,1
0-kyDt5KtzY,1,1
u_G_1W0xu_E,1,1
d9O7C805ktI,1,1
uLPif0unCHg,2,1
go8uMp-gUsY,1,1
gMk2hGVN_9w,1,1
biCVmdEMvyc,1,1
VT29ZEzBbZw,1,1
yW9tT0XafhY,1,1
Wwk0udYBEfc,1,1
Rbo0Lodbub0,1,2
TGHebC_kdmM,1,1
wkPzw-E3zos,1,1
uCsD3ZGzMgE,1,2
xZClaPvRDOY,1,1
t2sMJMXDiH4,1,2
qsCUtj-BNnk,1,1
6gLwEVV5WU4,1,1
mQzZPGBMmVc,1,1
FFftmWSzgmk,1,1
ChWiZ3iXWwM,1,1
cop6Tnmi08Q,1,1
b2ZiHha3fQE,1,2
ytMcIpIRL3w,1,2
U7FD5k0Tr8I,2,2
ndEi__Rw1lk,1,1
DzQZsudzLao,1,1
DnyrA2x6MTU,1,1
FNQ97bzbk-c,1,2
Ua0Z45_XZ9E,1,1
iOEQOFztqxQ,1,1
DTuxfFkyCAE,1,2
ynLWyXI3QFc,1,1
WPLHl-rzZPo,1,1
E9bcT9ulco4,1,2
xUgiHghs8vs,1,1
njiSn2aaS88,1,1
wUKCLH9tBBU,1,1
Un_WWmKaIr4,1,2
IvB4MjGUuVU,1,1
-XlZIJxG05Q,1,1
pc4bc_SwMkw,2,1
we4maOly4UQ,1,2
3hu9EnhgnBY,1,1
4Li4lsSC0uY,1,1
FJRAvuCzi_E,1,1
qxeDRCopS3c,1,1
SdSievHrris,1,1
zIgzlVgA1eA,2,1
6lzU6SYFoYQ,1,1
ri_LFckaT7g,1,2
R5Xlcteu_iQ,1,2
_bYbcf5tzTs,1,2
szGsxYjupcc,1,2
qIXwSjyxe88,1,1
XRxAqj4R_vw,1,2
7T6iCknDCEg,1,1
gLFazAtdU64,1,1
W3ePtSQZLJ0,1,1
GE4YaCfzDNo,1,1
LqdLWeuqwXY,1,1
AYh12yiE0bQ,1,1
jzMkOgOdc3o,1,1
snXCFoxRLCA,1,1
zw5BReAqBS8,1,1
A2VnYhejXQU,1,1
OSBp3v-m0eU,2,3
hG28fQE_2A8,1,1
tGyCw9pHXKo,1,3
wfG0USvDTew,1,3
PVfb0vnP0V0,1,3
IYJ4-fTDy_E,2,3
wPC2zNdD27E,1,1
du7adlJ4Bmw,1,1
_bVaMUds5gw,1,1
W8j2RjeXPqY,2,1
a5n4u4cF4Pg,1,1
yfslbOhvkrg,1,1
6fbNZ0UapeA,1,1
SDK60mcB1oI,1,1
gnKwC9SUFYM,1,1
ofiwRzoYrdw,1,1
1eaMix9x4HE,1,1
BWYIgqMEE2o,2,1
4wMnK6q9aNI,1,1
kxgeevlRElw,1,1
-TpKzjO_GY0,1,1
KU2qph2vG9Y,1,1
je-BmMoEFtQ,1,1
BNbGjI-MEXE,1,1
vgQ_JGFbufM,2,1
Z6F-jyrSBgg,1,1
it4TpPbf78U,1,1
UP4GqXQsZbU,1,1
9Q1CvxRYbz0,1,3
Ze8Y1gokHyA,1,1
DU5KcUHXuUI,1,2
zz6v6OfoQvs,1,1
aFaJKX5zIqY,1,2
PAgeSKMaxGE,1,1
gxwWf-MfZVk,1,1
d8vkudoyLZ4,1,1
KM5kzGSWJIY,1,1
ZjR3xLN6IyA,1,2
kQnsctR8KUo,1,1
ejmLuuh7xWA,1,2
sWsHX7WWDZY,1,3
quh-bxBho-Y,2,3
m62Zg5MqUAU,2,3
q9ij4AVU9pQ,1,3
3cb_T9t4aKI,2,3
0Tgmum2hCo8,1,3
yRigNQPnvc8,1,3
SCl1DuhUom4,2,3
OpK_Za3tdMQ,3,1
J5UEpyLzlZA,2,3
Di4KDehaYJw,2,3
c3YywzRwy1A,1,3
o7U_v9_YuOE,1,3
knvTvW4n4kA,2,3
-RODV7qNi30,1,3
ku-LEGVjmX0,1,3
yB1xwOfHYsM,1,3
-sPM3gvt6i4,1,3
2KcUVZLC780,1,1
lrNKOQMqRh8,1,2
S8hULQ29pT0,1,1
8xSXIEhnIWA,2,2
9AXt-6mAVEo,1,2
XpSuMoBrbm0,1,1
BjhyGcUR698,1,1
mn6KOQb1FEg,1,2
TSOWkizLbw8,2,2
ou6lVdhkMMk,1,2
P3Nwqc7UD2g,1,1
L8Wu0R5EKLo,1,1
zhQbFjRubRY,1,2
Rliod9MrjJo,1,1
pUWr5qFrUg4,1,1
QDj_CAcjbVo,1,1
rLv3ndXMBQE,1,1
GiDB8giv_Xk,1,1
RmWhl7wClK4,1,2
HUgV8_meyo8,1,2
WHlHnCwFp5c,2,1
d4-SyIwgiBw,1,2
CcmhIfK2sGw,1,1
G63jDw1Xjjs,1,1
iLHonxlwHH8,1,2
mlzAY1iGztM,2,1
1Jhpi2zMFZE,1,3
wcpFEKigJRs,1,1
f72NUXe4wTE,1,2
Fk1d3qaD-Jc,1,1
JOcD3HgcN6Q,1,1
uHuEK2GDAuI,1,1
p9qznQYlLbA,1,1
HQUZqj-XOGQ,1,1
3QRKBTZ_fEU,1,1
faL7mfng6Yw,1,1
X0Mu4jJ0S0s,1,1
ybYEmp5nKOM,1,2
jy9lR-K4-Pc,1,1
g6iDZspbRMg,1,1
QCjk_NPsIqU,1,1
amFC00W8KNk,1,1
79SRQ7o_hTY,1,2
UDF_mY3t_04,1,1
7Mqo1ldaz3M,1,1
s7sYE76ItEs,1,1
XvBNL-RQz0I,1,1
f3-4udcvmW0,1,1
rzXQqlbO1Rg,1,1
NOnx3FJX14I,1,3
VBU46G3fphU,1,2
Z7oG74nHSTQ,1,2
FQ_2yheXPQM,1,1
sEaa0uU7rAE,2,2
wdm0JRCPMPs,1,1
r4FVJFGowLk,1,2
jnGXEowVnD0,1,1
aP9SHDBqM-Y,1,1
EQ3fgwVKE9M,1,2
5JVcE8gho4k,1,1
iokGgmrOj4Q,1,1
SAKEZLPbzAQ,1,1
WriGCH83xoQ,1,1
6sQQlqZiBEM,1,1
J0moZQTmSGQ,1,1
qU1HyYeav6w,2,2
ZVq7CyhfRA8,1,1
yKfVNTGmxfg,2,2
eyPt9kagXFg,1,2
-VKmlrWDPVs,1,1
_zgjkzbRV_w,1,1
UecMsZNcTEg,1,1
kDjDjU7V88o,1,1
6hNCmMWaQDM,1,1
JQmBq-Pu75Q,1,1
tVLDpkH3vCE,1,1
1s5iz6ml-qA,1,1
Q6k4i0Rdqgw,1,1
eGYTugxaFvs,2,1
Gjl80E1SSmM,2,1
slbco4zHmt8,1,1
XFecxbALJnc,1,1
UPuXU4iu-5A,1,1
tIuj-oMN-Fk,1,2
Q0r0tBHtH-I,1,1
raoF2ZBvkyE,2,2
q6_5rragE18,1,2
QOVc7Pbc8vo,1,2
-rLFj8nSiig,1,1
VoiWOk3ZdIw,1,1
NF2K5guRqIw,1,1
0j-AyHexuIY,1,1
l-fv1qR-4HE,1,1
eUiSCEBGxXk,1,1
ue-qz-9ndfM,1,1
tRCbgLntOko,1,1
KtevQJ7YVoc,1,1
Z_Rozs12174,1,1
nq5sqNb9QME,1,2
nl3bsL7Nbnk,1,1
Gq41lsw_GLY,1,1
GE7QA1chUzw,1,1
EqABGCENAkE,2,3
yz0nosSP7-k,1,1
p9_A2Y9hXBc,1,1
BqdVFwnm6kU,1,1
gGEloh6aSW0,1,1
jdeJUu6um0I,1,1
KZqS1hkQl1I,2,2
5wZevXr1nvU,1,1
ibzAZyO5wmM,1,1
W6iWWykNtWk,1,1
GtFbcXfr4VY,2,1
68A90GK7O8g,1,1
iIdxArqWt7c,1,2
1oV5FJyHF7Y,3,1
FKXSD92VbFg,1,1
j2uTuopxag0,1,2
je33fGK1QFw,1,1
caDuxElh2l0,1,2
TBBy-4tnWoM,1,2
CeqEGeMAt_0,1,1
EJZdKctGK6A,1,1
F6TGSXLEyQA,1,1
SVk6bew1htE,1,2
tGEZApd9MMk,1,1
Bu7On1rNo3w,1,2
2A8gkvWDMEY,2,1
UM46RoD3-yM,1,1
eJsgk9jAYmg,1,1
73A2hDXHDmc,1,1
HJkC3tFoLcY,1,1
w01waYhyt2w,1,1
O1zfuBgCUqY,2,1
0RjQ8B0E-Gs,1,1
O2YPp0HNXf8,1,1
dHLefYkxu5M,1,1
5p4JLdDe8SY,1,1
dR5tcPkifgw,2,3
oo09QiDzhgw,1,1
0GO2FXp_LBg,2,3
mLHN007roiU,2,3
l4RMWbfwEU8,1,1
-iWeu4OsH2Y,1,3
W_MiVuyr7xI,1,3
rH_LD5dWwec,2,3
X3n5Pk8fkLg,2,3
wH71xiDyotg,1,3
eR0xVJGGGr8,1,1
PkvTbZskVYM,1,1
D_wuGDOEQJc,1,1
0NvjpWvPH2A,1,1
oXP37jLrBME,1,1
mBtko5BURH4,1,1
EDCBeMfrUbA,1,1
v0TiqC_C8wI,2,2
zmYbHHv2OKo,1,1
9t_FHbIZL2o,1,1
jtu1FWAbQNc,1,2
iNKzdbaCjxY,1,1
y8sH_TT47tY,1,1
8QEx6nug84Y,2,1
lHfEIZ0pNxE,1,1
myrrZulTzJg,1,1
StJ9v47FN0I,1,1
4bzNXVPYJVY,1,1
J098k-ftfKs,1,1
Wh8m4PYlSGY,1,1
bgz9Meo8cB8,1,2
vG9CrQIzVuw,1,1
IoMYDl6vkMk,1,1
Q0br4Ujitu0,1,1
SNb-twWyEz8,1,1
JLyYLQYNUeY,1,2
lHh753jc3os,1,2
6ljwXdSVZ5k,1,1
xnG1UIyITwQ,1,1
DtsZ0D8JTew,1,1
pMvfkBw9jFc,1,1
sdUC7h2UeJ4,1,1
9L-FDP1FGJU,2,1
CTRHNRcr06g,1,2
xPnUNgYi0wE,1,1
33zPlnhymCU,1,1
gYgveD5B-V0,1,2
TmDBixQZ_Io,1,1
5g-SlFKBmOM,1,1
ZYse23616WE,1,1
ax29qYe0rB0,1,2
4-NEs8DVGnw,1,2
zQBUZjS5bGg,1,1
9ezn0YKsigQ,1,1
CAXYqmecUHU,1,1
9uNNQ49GnNU,1,2
kFhx1bv2MwE,1,1
jqNhov14bjc,1,1
I5h8GfxIWVY,1,1
-J_QhRw8_Ok,1,1
xukGZnD-xDE,1,1
fXFGSPYiO7I,1,2
caN8V3jtyNA,1,1
4sqXosXzpbY,1,1
hCknwSECWzM,1,1
G-zyTlZQYpE,1,2
8NpI8terWk8,1,1
0sCT1UBJqvw,1,1
hxGEJqLEk2c,1,1
KbHV-vYpXv0,1,1
1p8r-2ffK_c,1,1
stE2qc9XH_Y,1,1
JzgLUlLWrN0,1,1
Io6xuGmS5pM,1,1
ZeB-RHMGqn0,1,1
GY7a5q4d4Co,1,1
TTe3nPJB1CE,1,1
7vCCxlqf0qU,1,1
yurbyL7VGdw,1,1
SGP6Y0Pnhe4,2,1
aAtukhzEh_Q,1,1
DJWaowKuXAE,1,2
R7qSiEKntQA,1,2
ZVlJAgcmb1k,1,2
QqahvSkKoz8,1,1
Niza22kiHA8,1,1
y3ZT88UltbM,1,3
Yn2tHcZEnF0,1,1
A4UG_08wxHg,1,1
c0RQwrbuqhs,1,1
eR1RfpZ_TGI,1,1
Aw7YkqPxp7I,1,1
kWN1x1Y3zQk,1,1
7zNzypxlKuY,1,1
qYVnwaloMsI,1,1
Az2WfHO2P9M,1,2
cSHPtfUnGkY,1,1
EP2PJ5JlbZo,1,1
TWIdF13SZ8g,1,1
_kjA-I2V0bE,1,1
WaaidHcVBmg,1,1
f5z32vwdcDE,1,1
qEdFS5ZcRgc,1,1
J3Mf5x7xKKc,1,1
UO3AfzrOKIU,1,1
0G_Lo2k0WBU,1,1
En49aJO75kA,1,1
VVxKOK_0MMg,2,3
DSGyEsJ17cI,1,1
qwEopw32s4k,1,3
_hn6zGey99w,1,3
KNhVTiqkuqo,1,2
Av07QiqmsoA,1,1
dAS-QzWvj8g,1,2
pl18cfN-a3w,1,1
qe2i29ve1sw,1,1
2ymXpqrnO1s,1,1
sucur9J4wxg,1,1
8lsB-P8nGSM,1,1
aFlFvDvhlVc,1,1
k65OQpS93PE,1,2
zHiHsAaMzdc,1,3
n0tvQhDujZ8,1,1
SNYZYxLSgPQ,1,2
Ny90E1xzt_4,1,2
GGPpZm_A964,1,1
_O0MrVKGcWo,1,1
ns7G6t6WdEQ,1,1
0-KLYURJZbw,1,1
UFa-RR17P3I,1,1
s2rUOBuIOjI,2,2
O0hV2cwnoLA,1,1
vPip3srJGxg,1,1
OVdt6jzl37k,2,2
SSgdx5ZtpAs,1,1
Uhsx6V57HtQ,1,2
0WFdWSNdwLo,1,1
JW7ywE7GicQ,1,1
R3dVkq7wOGs,1,1
AlJOGFTfn8k,1,1
Uy6-LQL7PYM,1,2
TbP3G8bRMvM,1,1
ls31TkGSQGA,1,1
AktU2gettoU,1,1
Y_7wPf9geSM,1,2
7UxYM4aIptc,1,1
3wj48ACMWeI,1,1
4nPuZ9chE7s,1,1
7MursWMNONo,1,1
gnQIL363EoU,1,1
8xEULwZS4hc,1,1
zdstoFs97bQ,1,1
JlFDnOs8lB0,1,1
Sz3r-rtfFl8,1,1
oSSu1bnp2xE,5,3
-gmhAuQI6QE,4,3
lMlEdUniC3Y,4,3
SVg6GPnLj0A,2,3
Rv6qY2Gg97c,1,3
d16ODenDtbU,1,1
VgL1tOnAF-E,1,1
GohNhW_aO0w,1,3
8kDiXmKkk5g,1,1
UQQtTzuegSM,1,1
7TjitMXo7lo,1,1
C-IwskYhyw8,1,1
4ebt-yHf3mY,1,1
KBpYTOhIYhA,1,1
I_8XGAsoMR4,1,2
7YQE3M1w9UY,1,1
8rOGUBNMIoQ,1,1
-1xif50QMr4,3,1
VrIcC8MVp2o,1,3
AJPRTSlxqCg,1,1
psA26vITXTI,1,1
GDpluC3FHc0,1,1
lxQSIX05DV8,1,1
6ykJedCM5Gs,1,1
y6jWPmQvDfk,1,1
t9ycD3E9QKA,1,2
GISFR7N36uM,1,1
0tz7uJCvUrE,1,1
gmC4Rm5cpOI,1,1
Xg37L5z5r_M,1,1
B464gsutgLI,1,2
tjM38D2ZsxM,1,1
Q2FOYLmUGgk,1,1
BMOjVYgYaG8,1,3
IPHxlXb64EQ,1,1
CVSJeXFqXoI,2,2
Ss_hGWKgexc,1,2
SO9EBNhh0Tw,1,1
ZFceXBrA3wo,1,3
enkTl55IyPk,2,1
tRE2FV6jkaU,1,1
UieEY9WHfHo,1,3
RdzK0-FMhkg,1,1
BzoWkn4P4ts,1,1
5dSIaKjh1Tc,2,1
OMNHqOiLQ8s,1,2
cxE7DCWjOvs,1,2
kppVuXppaJs,1,1
PXaVG5n0MiQ,1,2
p7nHTUyGiuk,1,2
UuKkZo8DCaU,1,1
dmKnhRrbjJs,1,1
krFN7jHKNNo,1,3
ozubWFOHgC8,1,1
1gnG9mbsjPk,1,1
iGXE2Brgi6A,1,2
0oUX9QqR8ik,2,2
OyeLdL-XtNY,1,1
FyAsM9XovFk,1,3
6aZqieJb_5k,2,2
iX1pQq9e6e4,1,1
4LYzMGOFLQo,1,1
QhskWN4ItGY,1,1
Nj5xbqqIuE8,1,1
Svw9PjHvGp0,1,1
mlJmW3sFPEI,1,1
LkNxvUrWQ_Q,1,1
7pMxIzGaC_8,1,1
qyZ5qgIABUc,1,1
mOJpRfvDy-c,1,1
WcCwvEcYi9I,1,1
ueA073Q6a88,1,1
9rME1mW_O0w,1,1
6LpXiCXD0hw,1,1
-msaQRGMTUo,1,1
LGq1a4B3r-A,1,1
Huoh7Cui8_s,1,3
OVOnGC0yI8A,1,3
asG5xwiMb8k,1,1
2UbGSPx486E,1,1
UB5beRjAKmk,1,1
kYqrflGpTRE,1,3
MHj8I6Uh8qs,1,1
ddsGyJ-7Zw0,1,1
GKbFw_x6ku4,1,1
MTWS_-Yl5J8,1,2
CEY9pUoPdxQ,1,3
RsYNMgEea0U,1,1
7heWIuEJcS4,1,1
_SvP8n1V0BY,1,1
n5dzLH3Cwpg,1,1
i7I53usjuyg,1,1
QAAhbot5_f0,2,1
dHy-owP6zEs,1,1
4X-ps7QyBjI,1,1
e971JVZxp6M,1,2
68p5W4GjuQI,1,1
w4qcoEXYqK0,1,2
ZLuQf7shz34,1,1
nFly_ViyVVs,1,2
LWw8QMOSeHs,1,2
IF_n6ZvqpRY,1,1
TiO2FyNzoug,1,1
o3huLEHGBAQ,1,1
C6VuOhkaGw0,1,1
lLhE9oi_vao,1,2
ZR_fU416vlA,2,1
QYTOPHC_ytw,1,1
hInD-8ECtNs,1,1
LBL2LLxgh_I,1,3
pzFRySNQFxo,2,1
5dPNnsSN7rA,1,1
b2VHjb8Nqss,1,1
9A97vNjHQxU,1,2
4yWMA2_4uCE,1,1
LGus4Srd3HU,2,2
rXanKGbG7DI,1,1
7RUcPb8ucSo,1,1
FofEO_kXF1Q,1,1
kPkNOUARpyU,1,1
mY6L6wJ-k0c,1,1
NcYSi_yHirc,1,1
KJhBtC6HUcI,1,1
YtMURRJ3un8,1,1
X0_y4btQ7AA,1,2
53qUChPHJL8,2,3
1XfXP-LRtEI,1,2
45EbX3XPuqM,1,2
AD4Dkjm7pEM,1,1
utDQeAfxt0Q,1,1
-C4xkDowI2U,1,2
axzfpoQvfg0,1,1
31XPbqnb1dU,1,1
G_-squ1uIXo,1,1
9gte3tah4j0,1,1
G-6zOCujTok,1,1
-weBSc6aivk,1,1
_ztVVV6NHgU,1,2
xlblCxynHYs,1,2
P0MSP9Vxg5k,2,1
sHaiodEPbSM,1,1
MIXzlsBO32I,1,1
Yh1Em4Sdzec,1,1
LhSDxp0oQK8,1,2
qzRKp3aFQ-I,1,1
NrF-658JqlE,2,1
VDuHtDMkwFI,1,1
coVpdkC-1Eg,1,1
DH5lsMxUVL4,1,1
K9kI8xnVH4k,1,1
1UbSQOIpkzI,1,1
da92Aqxm0C4,1,1
0rNUA44z44Q,1,1
ZtFl5iJ7eVk,1,1
npKCXWQiOAs,1,1
8JrHHPXVWb4,1,1
KglNIfAHzwc,1,1
y8Xg1OOi7-U,1,1
wjsKj0Vk_y4,1,1
WFZwI10HEsw,1,3
5KygwcZ545U,1,3
L5B38r4r4K4,1,3
SiAW6u4Yt1w,1,3
OohqrpsswSs,1,1
6zhAekECH78,1,3
rM5UCCOwtyc,2,1
2LSwwWgvPZU,1,1
xwpgmEvlRpM,1,1
7Exst44CyG0,2,1
k9oLluVyCQ4,1,1
kPFgfmwDUKg,1,1
aOcznZ0eZbs,1,1
1FBg7_Gog84,1,3
D7fR2Z880z8,1,1
30edfCD2Vhw,1,1
EVBCLAaflaw,1,1
M2_NeFbFcSw,1,1
TDw0Ysp1CG0,1,2
UNmNVEJQsVU,1,1
lK4HV56Qj_E,1,1
yo2qbIkFfdA,2,1
60vK6Uw9sSE,1,1
y_JkKSmn1JM,1,3
k6MGdEXIY00,1,1
u5di4kilYLQ,1,1
osfrALLVP14,1,1
FOgAGfqXHdo,1,1
-l7MM9yoxII,1,1
_iH6pQAxdUA,1,1
nr3RDLDs0fg,1,2
bzsGG-SPkVs,1,2
Lq8N6w3WKxc,1,1
_Pb3YasISzk,1,1
h1aGH6NbbyE,1,1
d4m3HvTFG9Y,2,2
-AA5IiLbxuw,1,1
_jtkP1PkWgw,1,1
h_w_0zUs9ac,1,2
T7lx_5WJLSg,1,2
-k0Om12m3Lg,1,1
Ot-acn1whrc,1,1
xyHcPzr5aiA,1,2
qaniH8P7mXo,1,1
Px7HOqlCCig,1,1
g5sXawX5oLw,1,2
ZCH4xcQLVH0,1,2
alKb0p3KN8E,1,2
cvvhAft0-Tw,1,1
c0pS3Zx7Fc8,2,1
pEilO6RSG4U,1,1
_yMXTEowRpA,1,1
4_xQ5JisFuo,1,1
FvNunuCEFNA,1,1
mr-qsooWRsI,1,1
zw8op7qNByQ,1,1
rw_2s9Bo5TQ,1,1
gyCzDc-LVRE,1,1
lqvbkPjQG-U,2,1
YJRqB1xtIxg,1,2
sG1mWuEV798,1,1
pd1Zgt2lycY,1,2
z2MOJ5pdrhU,1,1
0FS99rLsWKY,1,2
256ymQN8F70,1,1
WeKO12xwpKA,1,1
OIq536vElQk,1,1
rZDonqtAf-8,1,1
ou_DA_h50Ek,2,1
iHH7MOXIe34,1,1
